comune,provincia,CODISTAT,CODICE_ISTAT,civici_georeferenziati
ROMA,RM,058091,058091,407717
PALERMO,PA,082053,082053,165027
NAPOLI,NA,063049,063049,140965
GENOVA,GE,010025,010025,133164
FIRENZE,FI,048017,048017,109071
VENEZIA,VE,027042,027042,87373
RAVENNA,RA,039014,039014,78179
BOLOGNA,BO,037006,037006,77632
MILANO,MI,015146,015146,66001
PERUGIA,PG,054039,054039,61498
PADOVA,PD,028060,028060,60740
MODENA,MO,036023,036023,60513
MARSALA,TP,081011,081011,60498
FERRARA,FE,038008,038008,57154
VERONA,VR,023091,023091,52991
FORLÌ,FC,040012,040012,51280
RIMINI,RN,099014,099014,48363
REGGIO NELL'EMILIA,RE,035033,035033,47938
LECCE,LE,075035,075035,47893
ALCAMO,TP,081001,081001,46662
VICENZA,VI,024116,024116,44719
UDINE,UD,030129,030129,44716
SASSARI,SS,090064,090064,43117
CESENA,FC,040007,040007,37646
PISTOIA,PT,047014,047014,36625
ALTAMURA,BA,072004,072004,36250
GROSSETO,GR,053011,053011,36216
QUARTU SANT'ELENA,CA,092051,092051,36015
PARMA,PR,034027,034027,35747
MASSA,MS,045010,045010,34920
AREZZO,AR,051002,051002,34127
CORATO,BA,072020,072020,32468
TERNI,TR,055032,055032,31949
CORIGLIANO-ROSSANO,CS,078157,078157,31525
LA SPEZIA,SP,011015,011015,31516
BARCELLONA POZZO DI GOTTO,ME,083005,083005,31182
SAN SEVERO,FG,071051,071051,30721
BRINDISI,BR,074001,074001,30144
FOGGIA,FG,071024,071024,30035
PIACENZA,PC,033032,033032,29724
ACIREALE,CT,087004,087004,28671
SANREMO,IM,008055,008055,28516
ADRANO,CT,087006,087006,28051
PATERNÒ,CT,087033,087033,27609
ANCONA,AN,042002,042002,27452
ARDEA,RM,058117,058117,27077
CARRARA,MS,045003,045003,27057
COMACCHIO,FE,038006,038006,26504
FAVARA,AG,084017,084017,26498
TRENTO,TN,022205,022205,26315
FASANO,BR,074007,074007,26165
CREMONA,CR,019036,019036,26119
BAGHERIA,PA,082006,082006,25969
LATINA,LT,059011,059011,25967
CASTELVETRANO,TP,081006,081006,25749
PALMA DI MONTECHIARO,AG,084027,084027,25512
NOVARA,NO,003106,003106,25482
ASTI,AT,005005,005005,25268
TREVISO,TV,026086,026086,25041
APRILIA,LT,059001,059001,25003
ANZIO,RM,058007,058007,24963
ARAGONA,AG,084003,084003,24831
PARTINICO,PA,082054,082054,24389
CAPANNORI,LU,046007,046007,24104
SCICLI,RG,088011,088011,24055
COMISO,RG,088003,088003,23859
FROSINONE,FR,060038,060038,23617
LICATA,AG,084021,084021,23258
TRAPANI,TP,081021,081021,22369
GUIDONIA MONTECELIO,RM,058047,058047,22274
CASERTA,CE,061022,061022,22233
IMOLA,BO,037032,037032,22127
FANO,PU,041013,041013,22106
LUGO,RA,039012,039012,22077
GALATINA,LE,075029,075029,22037
QUARRATA,PT,047017,047017,21686
MANDURIA,TA,073012,073012,21679
SCIACCA,AG,084041,084041,21639
BIANCAVILLA,CT,087008,087008,21560
BITONTO,BA,072011,072011,21435
ROSIGNANO MARITTIMO,LI,049017,049017,20916
CASCINA,PI,050008,050008,20830
PAVIA,PV,018110,018110,20394
CALTAGIRONE,CT,087011,087011,20279
MONOPOLI,BA,072030,072030,20197
BASSANO DEL GRAPPA,VI,024012,024012,19949
CARPI,MO,036005,036005,19873
RIETI,RI,057059,057059,19863
FAENZA,RA,039010,039010,19513
SIENA,SI,052032,052032,19477
ROVIGO,RO,029041,029041,19309
POMEZIA,RM,058079,058079,19088
TORRE DEL GRECO,NA,063084,063084,18915
SANTERAMO IN COLLE,BA,072041,072041,18904
CHIOGGIA,VE,027008,027008,18861
MACERATA,MC,043023,043023,18851
CERVETERI,RM,058029,058029,18825
UGENTO,LE,075090,075090,18693
BRESCIA,BS,017029,017029,18596
SPOLETO,PG,054051,054051,18548
JESI,AN,042021,042021,18524
ORISTANO,OR,095038,095038,18464
MESAGNE,BR,074010,074010,18441
ACERRA,NA,063001,063001,18044
SENIGALLIA,AN,042045,042045,17941
FONDI,LT,059007,059007,17939
MIRANDOLA,MO,036022,036022,17808
IMPERIA,IM,008031,008031,17709
MATERA,MT,077014,077014,17709
NUORO,NU,091051,091051,17611
SAN BENEDETTO DEL TRONTO,AP,044066,044066,17569
BISCEGLIE,BT,110003,110003,17546
GUBBIO,PG,054024,054024,17439
CALTANISSETTA,CL,085004,085004,17435
MARTINA FRANCA,TA,073013,073013,17323
SAN DONÀ DI PIAVE,VE,027033,027033,17248
SASSUOLO,MO,036040,036040,17222
GRAMMICHELE,CT,087018,087018,16982
MONREALE,PA,082049,082049,16979
MISTERBIANCO,CT,087029,087029,16932
SAN NICANDRO GARGANICO,FG,071049,071049,16893
VASTO,CH,069099,069099,16879
GRAVINA IN PUGLIA,BA,072023,072023,16845
CROTONE,KR,101010,101010,16756
CAMPOBELLO DI MAZARA,TP,081004,081004,16734
AVELLINO,AV,064008,064008,16629
CASARANO,LE,075016,075016,16565
FERMO,FM,109006,109006,16500
MENFI,AG,084023,084023,16496
CERVIA,RA,039007,039007,16473
MONTEVARCHI,AR,051026,051026,16236
RENDE,CS,078102,078102,16180
SAVA,TA,073026,073026,16055
CITTÀ DI CASTELLO,PG,054013,054013,15998
MOLA DI BARI,BA,072028,072028,15924
L'AQUILA,AQ,066049,066049,15901
MONTORO,AV,064121,064121,15824
PORTO SANT'ELPIDIO,FM,109034,109034,15705
MIRA,VE,027023,027023,15618
ASCOLI PICENO,AP,044007,044007,15614
CAROVIGNO,BR,074002,074002,15552
NOLA,NA,063050,063050,15529
POZZUOLI,NA,063060,063060,15515
CECINA,LI,049007,049007,15425
CAMPI BISENZIO,FI,048006,048006,15364
BIELLA,BI,096004,096004,15312
LUCERA,FG,071028,071028,15272
ROSOLINI,SR,089016,089016,14817
GIOIA DEL COLLE,BA,072021,072021,14755
BELLUNO,BL,025006,025006,14713
GIARRE,CT,087017,087017,14523
PORTOGRUARO,VE,027029,027029,14514
LEGNANO,MI,015118,015118,14490
MONDRAGONE,CE,061052,061052,14483
MARINO,RM,058057,058057,14425
EBOLI,SA,065050,065050,14369
CREMA,CR,019035,019035,14113
SAN MINIATO,PI,050032,050032,13857
DIANO MARINA,IM,008027,008027,13818
LISSONE,MB,108028,108028,13769
VARESE,VA,012133,012133,13752
SELARGIUS,CA,092068,092068,13751
CINISELLO BALSAMO,MI,015077,015077,13638
FABRIANO,AN,042017,042017,13562
VALSAMOGGIA,BO,037061,037061,13560
SULMONA,AQ,066098,066098,13511
ENNA,EN,086009,086009,13480
CONVERSANO,BA,072019,072019,13432
CESENATICO,FC,040008,040008,13384
JESOLO,VE,027019,027019,13351
AFRAGOLA,NA,063002,063002,13335
LADISPOLI,RM,058116,058116,13308
TIVOLI,RM,058104,058104,13277
CASTELFRANCO EMILIA,MO,036006,036006,13271
ALATRI,FR,060003,060003,13258
BELPASSO,CT,087007,087007,13132
FORTE DEI MARMI,LU,046013,046013,12994
MONTEROTONDO,RM,058065,058065,12884
RIESI,CL,085015,085015,12770
CARMIANO,LE,075014,075014,12668
PORDENONE,PN,093033,093033,12659
RICCIONE,RN,099013,099013,12657
SAVONA,SV,009056,009056,12648
MODUGNO,BA,072027,072027,12529
SESTO SAN GIOVANNI,MI,015209,015209,12487
CENTO,FE,038004,038004,12483
MILAZZO,ME,083049,083049,12464
VITTORIO VENETO,TV,026092,026092,12459
SANTARCANGELO DI ROMAGNA,RN,099018,099018,12455
BAGNACAVALLO,RA,039002,039002,12444
CASORIA,NA,063023,063023,12417
BASTIA UMBRA,PG,054002,054002,12385
TRIGGIANO,BA,072046,072046,12366
SAN GIOVANNI IN PERSICETO,BO,037053,037053,12326
VERCELLI,VC,002158,002158,12294
FLORIDIA,SR,089009,089009,12259
CATTOLICA,RN,099002,099002,12244
MATINO,LE,075042,075042,12227
MONTALTO UFFUGO,CS,078081,078081,12159
ALBANO LAZIALE,RM,058003,058003,12136
BENEVENTO,BN,062008,062008,12135
CIVITAVECCHIA,RM,058032,058032,12104
TAURISANO,LE,075084,075084,12054
NONANTOLA,MO,036027,036027,11998
ACRI,CS,078003,078003,11997
VITERBO,VT,056059,056059,11994
TORANO CASTELLO,CS,078148,078148,11940
BOLZANO,BZ,021008,021008,11912
PRESICCE-ACQUARICA,LE,075098,075098,11822
TAURIANOVA,RC,080093,080093,11806
CONEGLIANO,TV,026021,026021,11634
FRANCOFONTE,SR,089010,089010,11596
SALA CONSILINA,SA,065114,065114,11548
PONTEDERA,PI,050029,050029,11516
CUTRO,KR,101012,101012,11384
RACALE,LE,075063,075063,11370
NOICATTARO,BA,072032,072032,11369
CASSINO,FR,060019,060019,11282
SCORDIA,CT,087049,087049,11258
PACECO,TP,081013,081013,11251
ORVIETO,TR,055023,055023,11189
POGGIBONSI,SI,052022,052022,11174
PORTO CESAREO,LE,075097,075097,11132
RIVOLI,TO,001219,001219,11126
ASSEMINI,CA,092003,092003,11121
RUFFANO,LE,075064,075064,11069
SABAUDIA,LT,059024,059024,11037
GALATONE,LE,075030,075030,11015
OSTUNI,BR,074012,074012,10999
CASTELLAMMARE DI STABIA,NA,063024,063024,10956
VALDAGNO,VI,024111,024111,10940
SAMARATE,VA,012118,012118,10921
TERMINI IMERESE,PA,082070,082070,10903
SAN GENNARO VESUVIANO,NA,063066,063066,10902
PONSACCO,PI,050028,050028,10851
CASALE MONFERRATO,AL,006039,006039,10850
SINNAI,CA,092080,092080,10834
COPPARO,FE,038007,038007,10829
PINEROLO,TO,001191,001191,10811
TERRALBA,OR,095065,095065,10799
MONTERONI DI LECCE,LE,075048,075048,10796
AUGUSTA,SR,089001,089001,10790
ERCOLANO,NA,063064,063064,10790
GIULIANOVA,TE,067025,067025,10726
CASCIANA TERME LARI,PI,050040,050040,10718
MONTECCHIO MAGGIORE,VI,024061,024061,10692
FORMIGINE,MO,036015,036015,10613
SETTIMO TORINESE,TO,001265,001265,10562
OTTAVIANO,NA,063051,063051,10556
VENTIMIGLIA,IM,008065,008065,10539
VIBO VALENTIA,VV,102047,102047,10497
LATIANO,BR,074009,074009,10489
SANT'ANTIOCO,SU,111071,111071,10488
PERGINE VALSUGANA,TN,022139,022139,10482
TAVIANO,LE,075085,075085,10448
TEGGIANO,SA,065146,065146,10365
ARADEO,LE,075006,075006,10332
ACQUI TERME,AL,006001,006001,10305
GALLIPOLI,LE,075031,075031,10298
PROCIDA,NA,063061,063061,10285
SARZANA,SP,011027,011027,10261
GIUSSANO,MB,108024,108024,10231
ROVATO,BS,017166,017166,10225
CISTERNINO,BR,074005,074005,10209
ROSÀ,VI,024087,024087,10182
FERENTINO,FR,060033,060033,10168
SAN SALVO,CH,069083,069083,10154
SPINEA,VE,027038,027038,10150
CORREGGIO,RE,035020,035020,10140
TORTORICI,ME,083099,083099,10100
PANTELLERIA,TP,081014,081014,10099
RAPALLO,GE,010046,010046,10076
MONTEMURLO,PO,100003,100003,9997
MISANO ADRIATICO,RN,099005,099005,9976
PONTECAGNANO FAIANO,SA,065099,065099,9955
FRANCAVILLA AL MARE,CH,069035,069035,9944
COSENZA,CS,078045,078045,9880
MONDOVÌ,CN,004130,004130,9849
POGGIOMARINO,NA,063055,063055,9838
PETILIA POLICASTRO,KR,101017,101017,9837
MAGLIE,LE,075039,075039,9835
CHIARAMONTE GULFI,RG,088002,088002,9802
CARLENTINI,SR,089006,089006,9801
SAN PANCRAZIO SALENTINO,BR,074015,074015,9780
PEDARA,CT,087034,087034,9779
VEROLI,FR,060085,060085,9765
RANDAZZO,CT,087038,087038,9753
SAN FERDINANDO DI PUGLIA,BT,110007,110007,9718
BRONTE,CT,087009,087009,9701
GROTTERIA,RC,080040,080040,9674
CORLEONE,PA,082034,082034,9590
ORIA,BR,074011,074011,9584
LECCO,LC,097042,097042,9548
PULSANO,TA,073022,073022,9521
CAMPAGNA,SA,065022,065022,9511
VIADANA,MN,020066,020066,9496
MONSERRATO,CA,092109,092109,9496
PINETO,TE,067035,067035,9475
AVIGLIANO,PZ,076007,076007,9474
CASTELLANETA,TA,073003,073003,9468
MONTESANO SULLA MARCELLANA,SA,065076,065076,9436
NARNI,TR,055022,055022,9426
ARGENTA,FE,038001,038001,9417
BELLARIA-IGEA MARINA,RN,099001,099001,9403
CASTIGLION FIORENTINO,AR,051012,051012,9391
SCANDIANO,RE,035040,035040,9318
ALBEROBELLO,BA,072003,072003,9300
SAN ROCCO AL PORTO,LO,098049,098049,9284
MONTEFIASCONE,VT,056036,056036,9277
ESTE,PD,028037,028037,9249
FELTRE,BL,025021,025021,9228
MARANELLO,MO,036019,036019,9215
CHIVASSO,TO,001082,001082,9132
ISCHIA,NA,063037,063037,9088
SANTA MARINELLA,RM,058097,058097,9044
TROINA,EN,086018,086018,9008
ALBENGA,SV,009002,009002,8993
FORIO,NA,063031,063031,8978
CELANO,AQ,066032,066032,8974
ALFONSINE,RA,039001,039001,8971
SAVIGLIANO,CN,004215,004215,8960
CODIGORO,FE,038005,038005,8932
SAN GIOVANNI LA PUNTA,CT,087041,087041,8926
LIZZANELLO,LE,075038,075038,8873
CHIARI,BS,017052,017052,8858
CUTROFIANO,LE,075026,075026,8829
TORCHIAROLO,BR,074018,074018,8810
VOLTERRA,PI,050039,050039,8808
CATTOLICA ERACLEA,AG,084014,084014,8782
CITTADELLA,PD,028032,028032,8776
MELISSANO,LE,075044,075044,8761
REGGELLO,FI,048035,048035,8751
TOLENTINO,MC,043053,043053,8728
PIETRA LIGURE,SV,009049,009049,8723
CHIAMPO,VI,024029,024029,8709
CASTIGLIONE DELLE STIVIERE,MN,020017,020017,8678
SAN BARTOLOMEO IN GALDO,BN,062057,062057,8674
OCCHIOBELLO,RO,029033,029033,8660
GROTTAMMARE,AP,044023,044023,8649
VIGONZA,PD,028100,028100,8639
LASTRA A SIGNA,FI,048024,048024,8634
MONDOLFO,PU,041029,041029,8595
RIONERO IN VULTURE,PZ,076066,076066,8530
MONCALIERI,TO,001156,001156,8525
ZAFFERANA ETNEA,CT,087055,087055,8506
PALAZZOLO SULL'OGLIO,BS,017133,017133,8495
SUZZARA,MN,020065,020065,8491
NOCERA SUPERIORE,SA,065079,065079,8485
LIMBIATE,MB,108027,108027,8484
MENTANA,RM,058059,058059,8473
ZAGAROLO,RM,058114,058114,8469
FOSSANO,CN,004089,004089,8423
SELLIA MARINA,CZ,079127,079127,8421
CECCANO,FR,060024,060024,8391
CASTEL SAN PIETRO TERME,BO,037020,037020,8358
TEMPIO PAUSANIA,SS,090070,090070,8355
SAN VINCENZO,LI,049018,049018,8330
NEVIANO,LE,075053,075053,8309
ROMANO D'EZZELINO,VI,024086,024086,8306
SCORZÈ,VE,027037,027037,8289
CINISI,PA,082031,082031,8255
TORRE SANTA SUSANNA,BR,074019,074019,8254
COLLEPASSO,LE,075021,075021,8247
MARTELLAGO,VE,027021,027021,8246
GIOVINAZZO,BA,072022,072022,8236
SANTA VENERINA,CT,087048,087048,8226
VILLAPIANA,CS,078154,078154,8220
SPEZZANO ALBANESE,CS,078142,078142,8196
PALAZZOLO ACREIDE,SR,089015,089015,8193
MASCALI,CT,087023,087023,8189
PORTO VIRO,RO,029052,029052,8143
PALOMBARA SABINA,RM,058075,058075,8076
ALTOPASCIO,LU,046001,046001,8071
CARMIGNANO,PO,100002,100002,8052
VIAREGGIO,LU,046033,046033,8025
THIENE,VI,024105,024105,8008
VILLA CASTELLI,BR,074020,074020,8008
TERAMO,TE,067041,067041,8001
ALESSANDRIA,AL,006003,006003,8000
CORTONA,AR,051017,051017,8000
CASTROVILLARI,CS,078033,078033,7999
VERBANIA,VB,103072,103072,7999
SESTRI LEVANTE,GE,010059,010059,7996
POMPEI,NA,063058,063058,7986
MARANO DI NAPOLI,NA,063041,063041,7979
DALMINE,BG,016091,016091,7975
SUTRI,VT,056049,056049,7969
URBINO,PU,041067,041067,7940
SAN MICHELE SALENTINO,BR,074014,074014,7932
CARMAGNOLA,TO,001059,001059,7880
MONTESARCHIO,BN,062043,062043,7879
GATTEO,FC,040016,040016,7876
BONDENO,FE,038003,038003,7853
CASTEL GOFFREDO,MN,020015,020015,7841
MERCATO SAN SEVERINO,SA,065067,065067,7831
PAESE,TV,026055,026055,7829
ISOLA DI CAPO RIZZUTO,KR,101013,101013,7822
DISO,LE,075027,075027,7800
GIRIFALCO,CZ,079059,079059,7798
BORGONOVO VAL TIDONE,PC,033006,033006,7789
CASTELFRANCO PIANDISCÒ,AR,051040,051040,7785
LATERZA,TA,073009,073009,7772
SAN FELICE CIRCEO,LT,059025,059025,7770
GREVE IN CHIANTI,FI,048021,048021,7698
AMANTEA,CS,078010,078010,7691
MILETO,VV,102021,102021,7688
ALBIGNASEGO,PD,028003,028003,7687
MANOPPELLO,PE,068022,068022,7677
PIOVE DI SACCO,PD,028065,028065,7668
SOVICILLE,SI,052034,052034,7661
SAN FILIPPO DEL MELA,ME,083077,083077,7648
TUGLIE,LE,075089,075089,7620
CELLOLE,CE,061102,061102,7617
POLISTENA,RC,080061,080061,7613
SAN GIOVANNI GEMINI,AG,084036,084036,7563
BARRAFRANCA,EN,086004,086004,7544
GANGI,PA,082036,082036,7539
PORTO RECANATI,MC,043042,043042,7506
BERNALDA,MT,077003,077003,7476
BRA,CN,004029,004029,7467
CASTRIGNANO DEL CAPO,LE,075019,075019,7457
CASTELFIORENTINO,FI,048010,048010,7450
MOLINELLA,BO,037039,037039,7423
FARA IN SABINA,RI,057027,057027,7422
FIRENZUOLA,FI,048018,048018,7402
DOLIANOVA,SU,111014,111014,7396
POGGIARDO,LE,075061,075061,7382
PAGANI,SA,065088,065088,7381
CASALMAGGIORE,CR,019021,019021,7330
MARSCIANO,PG,054027,054027,7329
GAMBETTOLA,FC,040015,040015,7328
CAMPLI,TE,067008,067008,7294
CAIVANO,NA,063011,063011,7279
CALDOGNO,VI,024018,024018,7268
GROTTE,AG,084018,084018,7265
MOTTA SANT'ANASTASIA,CT,087030,087030,7261
ABANO TERME,PD,028001,028001,7256
CONSELICE,RA,039008,039008,7252
FINALE EMILIA,MO,036012,036012,7234
ORBETELLO,GR,053018,053018,7211
SANNICOLA,LE,075070,075070,7192
FISCAGLIA,FE,038027,038027,7188
SERRAVALLE PISTOIESE,PT,047020,047020,7187
RHO,MI,015182,015182,7161
CIVITELLA IN VAL DI CHIANA,AR,051016,051016,7125
CORBETTA,MI,015085,015085,7098
PIRAINO,ME,083068,083068,7081
VICO DEL GARGANO,FG,071059,071059,7080
RICCIA,CB,070057,070057,7069
ROCCA DI PAPA,RM,058086,058086,7065
MELILLI,SR,089012,089012,7058
CAMISANO VICENTINO,VI,024021,024021,7019
LINGUAGLOSSA,CT,087021,087021,7014
ERACLEA,VE,027013,027013,7014
VENOSA,PZ,076095,076095,6989
CASTAGNETO CARDUCCI,LI,049006,049006,6986
ABBIATEGRASSO,MI,015002,015002,6980
GUASTALLA,RE,035024,035024,6977
ERCHIE,BR,074006,074006,6974
CAMPOGALLIANO,MO,036003,036003,6964
SALSOMAGGIORE TERME,PR,034032,034032,6954
CARAVAGGIO,BG,016053,016053,6952
GROTTAMINARDA,AV,064038,064038,6944
MUGNANO DI NAPOLI,NA,063048,063048,6920
ACATE,RG,088001,088001,6920
MARTANO,LE,075040,075040,6920
ARCIDOSSO,GR,053001,053001,6918
VALEGGIO SUL MINCIO,VR,023089,023089,6899
FOSSOMBRONE,PU,041015,041015,6885
GUSPINI,SU,111034,111034,6884
RECANATI,MC,043044,043044,6868
OLEGGIO,NO,003108,003108,6865
SANTA MARIA DI LICODIA,CT,087047,087047,6857
PARABITA,LE,075059,075059,6840
ACI CASTELLO,CT,087002,087002,6833
CALIMERA,LE,075010,075010,6830
VALLEFOGLIA,PU,041068,041068,6824
MONTALE,PT,047010,047010,6814
SANT'ANASTASIA,NA,063072,063072,6797
SAN MAURO PASCOLI,FC,040041,040041,6788
CHIERI,TO,001078,001078,6775
CAGLI,PU,041007,041007,6769
SAN GAVINO MONREALE,SU,111062,111062,6762
SAN CASCIANO IN VAL DI PESA,FI,048038,048038,6752
DARFO BOARIO TERME,BS,017065,017065,6750
BOJANO,CB,070003,070003,6743
SAN VALENTINO TORIO,SA,065132,065132,6735
MILITELLO IN VAL DI CATANIA,CT,087025,087025,6724
SELVAZZANO DENTRO,PD,028086,028086,6717
TRECATE,NO,003149,003149,6713
CATENANUOVA,EN,086006,086006,6695
MAROSTICA,VI,024057,024057,6693
GIAVENO,TO,001115,001115,6650
SANTA MARIA A VICO,CE,061082,061082,6648
CALCINAIA,PI,050004,050004,6646
ROCCASTRADA,GR,053021,053021,6641
SAN PIETRO IN CASALE,BO,037055,037055,6640
SAN GREGORIO MAGNO,SA,065120,065120,6621
COTRONEI,KR,101009,101009,6613
LAMPORECCHIO,PT,047005,047005,6605
ITTIRI,SS,090033,090033,6601
RUSSI,RA,039016,039016,6591
SAN CIPRIANO D'AVERSA,CE,061074,061074,6588
PESCARA,PE,068028,068028,6572
RUBANO,PD,028072,028072,6564
BORGETTO,PA,082013,082013,6557
SAN SPERATE,SU,111065,111065,6551
NORCIA,PG,054035,054035,6512
GUAGNANO,LE,075034,075034,6477
CORSANO,LE,075024,075024,6473
MASSA LOMBARDA,RA,039013,039013,6471
ASOLA,MN,020002,020002,6470
MIRABELLA IMBACCARI,CT,087028,087028,6459
CAMPAGNANO DI ROMA,RM,058015,058015,6440
CASTELBUONO,PA,082022,082022,6413
SANTA MARGHERITA LIGURE,GE,010054,010054,6397
MEDICINA,BO,037037,037037,6384
POGGIO A CAIANO,PO,100004,100004,6379
CASTELVETRO DI MODENA,MO,036008,036008,6379
SONA,VR,023083,023083,6374
GAGLIANO DEL CAPO,LE,075028,075028,6370
FIORANO MODENESE,MO,036013,036013,6366
MOTTA SAN GIOVANNI,RC,080054,080054,6341
VIAGRANDE,CT,087053,087053,6321
RONCADE,TV,026069,026069,6315
REALMONTE,AG,084032,084032,6305
TORTORETO,TE,067044,067044,6294
VILLAROSA,EN,086020,086020,6285
SCORRANO,LE,075073,075073,6266
MONTESE,MO,036026,036026,6259
RIVALTA DI TORINO,TO,001214,001214,6247
BOVOLONE,VR,023012,023012,6247
GUALDO TADINO,PG,054023,054023,6245
LAMPEDUSA E LINOSA,AG,084020,084020,6243
BUSSOLENGO,VR,023015,023015,6229
BOVALINO,RC,080012,080012,6227
CANICATTINI BAGNI,SR,089005,089005,6215
VIGNOLA,MO,036046,036046,6210
CAMAIORE,LU,046005,046005,6195
VEDELAGO,TV,026089,026089,6178
TAORMINA,ME,083097,083097,6172
CASTEL SAN GIORGIO,SA,065034,065034,6155
FIDENZA,PR,034014,034014,6149
ALESSANO,LE,075002,075002,6139
VOLTA MANTOVANA,MN,020070,020070,6135
MELITO DI NAPOLI,NA,063045,063045,6132
BORDIGHERA,IM,008008,008008,6101
MONTELUPO FIORENTINO,FI,048028,048028,6083
VILLASIMIUS,SU,111105,111105,6075
POLLA,SA,065097,065097,6074
TORRI DI QUARTESOLO,VI,024108,024108,6050
STRONGOLI,KR,101025,101025,6028
VIESTE,FG,071060,071060,6016
SERRAMANNA,SU,111077,111077,5999
VALGUARNERA CAROPEPE,EN,086019,086019,5998
CASTIGLIONE DI SICILIA,CT,087014,087014,5998
CALITRI,AV,064015,064015,5993
LORETO,AN,042022,042022,5984
BUDRIO,BO,037008,037008,5973
NICHELINO,TO,001164,001164,5971
VICOPISANO,PI,050038,050038,5958
ROMBIOLO,VV,102031,102031,5957
NOALE,VE,027026,027026,5953
GARBAGNATE MILANESE,MI,015105,015105,5949
DELIA,CL,085006,085006,5940
GAVARDO,BS,017077,017077,5938
CAMPODARSEGO,PD,028017,028017,5931
BRACCIANO,RM,058013,058013,5926
CIAMPINO,RM,058118,058118,5924
IGLESIAS,SU,111035,111035,5920
BAGNOLO PIEMONTE,CN,004009,004009,5912
CHIARAVALLE,AN,042014,042014,5894
NOVENTA VICENTINA,VI,024074,024074,5886
RIVA DEL PO,FE,038029,038029,5884
SARONNO,VA,012119,012119,5876
CASTELRAIMONDO,MC,043009,043009,5862
MARINEO,PA,082046,082046,5858
SAN GIULIANO MILANESE,MI,015195,015195,5853
CORNAREDO,MI,015087,015087,5852
FIUMEFREDDO DI SICILIA,CT,087016,087016,5846
MURO LECCESE,LE,075051,075051,5832
LUSIANA CONCO,VI,024127,024127,5828
LANUSEI,NU,091037,091037,5821
SPECCHIA,LE,075077,075077,5811
TEZZE SUL BRENTA,VI,024104,024104,5793
SAN MARCELLO PITEGLIO,PT,047024,047024,5788
MASSA LUBRENSE,NA,063044,063044,5782
ORBASSANO,TO,001171,001171,5781
MALETTO,CT,087022,087022,5771
FINALE LIGURE,SV,009029,009029,5766
CONCORDIA SULLA SECCHIA,MO,036010,036010,5763
SOMMACAMPAGNA,VR,023082,023082,5763
LANUVIO,RM,058050,058050,5761
CRISPIANO,TA,073004,073004,5755
NOVI DI MODENA,MO,036028,036028,5755
CODOGNO,LO,098019,098019,5753
MARUGGIO,TA,073014,073014,5753
CAIRO MONTENOTTE,SV,009015,009015,5750
COSTABISSARA,VI,024035,024035,5741
CORIGLIANO D'OTRANTO,LE,075023,075023,5738
MORANO CALABRO,CS,078083,078083,5733
CAPURSO,BA,072014,072014,5729
FUSIGNANO,RA,039011,039011,5715
RIVA DEL GARDA,TN,022153,022153,5715
MARTINSICURO,TE,067047,067047,5700
GENZANO DI LUCANIA,PZ,076036,076036,5698
LEQUILE,LE,075036,075036,5692
SAN FRATELLO,ME,083078,083078,5679
MORCONE,BN,062044,062044,5679
PREGANZIOL,TV,026063,026063,5672
ARICCIA,RM,058009,058009,5662
MONTE SAN SAVINO,AR,051025,051025,5652
PONTREMOLI,MS,045014,045014,5651
BIENTINA,PI,050001,050001,5648
NOVELLARA,RE,035028,035028,5644
CERRETO GUIDI,FI,048011,048011,5628
LONGOBUCCO,CS,078068,078068,5627
MARCON,VE,027020,027020,5615
ARBUS,SU,111001,111001,5614
CIRIÈ,TO,001086,001086,5612
CASALPUSTERLENGO,LO,098010,098010,5606
MAZZANO,BS,017107,017107,5603
SOLIERA,MO,036044,036044,5601
FIORENZUOLA D'ARDA,PC,033021,033021,5594
ARZANO,NA,063005,063005,5593
TERRANUOVA BRACCIOLINI,AR,051039,051039,5593
CINQUEFRONDI,RC,080027,080027,5560
SAN GIUSTINO,PG,054044,054044,5560
SAN LAZZARO DI SAVENA,BO,037054,037054,5558
DOMODOSSOLA,VB,103028,103028,5557
CASSOLA,VI,024026,024026,5554
ANGUILLARA SABAZIA,RM,058005,058005,5553
SERRADIFALCO,CL,085018,085018,5551
MONTEMARCIANO,AN,042027,042027,5550
MANERBIO,BS,017103,017103,5545
MONTIGNOSO,MS,045011,045011,5507
SAN VITO AL TAGLIAMENTO,PN,093041,093041,5493
OSPITALETTO,BS,017127,017127,5491
MORBEGNO,SO,014045,014045,5489
PRIOLO GARGALLO,SR,089021,089021,5487
MISILISCEMI,TP,081025,081025,5478
NEGRAR DI VALPOLICELLA,VR,023052,023052,5477
PIAZZOLA SUL BRENTA,PD,028063,028063,5473
SALICE SALENTINO,LE,075065,075065,5462
DOLO,VE,027012,027012,5438
CAZZAGO SAN MARTINO,BS,017046,017046,5438
LERICI,SP,011016,011016,5436
SAN VERO MILIS,OR,095050,095050,5435
CASTELLABATE,SA,065031,065031,5431
OLGIATE OLONA,VA,012108,012108,5428
ARENZANO,GE,010001,010001,5423
CREVALCORE,BO,037024,037024,5407
CARPINO,FG,071012,071012,5378
CERVINARA,AV,064025,064025,5374
CASALGRANDE,RE,035012,035012,5368
CASAMICCIOLA TERME,NA,063019,063019,5367
OVADA,AL,006121,006121,5353
BARONISSI,SA,065013,065013,5340
CASALECCHIO DI RENO,BO,037011,037011,5339
TRABIA,PA,082073,082073,5331
GALLIATE,NO,003068,003068,5324
VILLA LITERNO,CE,061099,061099,5310
CASTELNUOVO RANGONE,MO,036007,036007,5305
RIGNANO SULL'ARNO,FI,048036,048036,5298
CASSANO D'ADDA,MI,015059,015059,5296
TORRITA DI SIENA,SI,052035,052035,5295
BOVES,CN,004028,004028,5294
SCARPERIA E SAN PIERO,FI,048053,048053,5293
MINERVINO DI LECCE,LE,075047,075047,5290
MELICUCCO,RC,080049,080049,5272
ALTO RENO TERME,BO,037062,037062,5264
IMPRUNETA,FI,048022,048022,5244
TRAVAGLIATO,BS,017188,017188,5242
CASTELLETTO SOPRA TICINO,NO,003043,003043,5241
PORTOSCUSO,SU,111057,111057,5232
STIGLIANO,MT,077027,077027,5231
STALETTÌ,CZ,079143,079143,5215
CAPRIOLO,BS,017038,017038,5193
SANT'EUFEMIA D'ASPROMONTE,RC,080081,080081,5192
GAMBOLÒ,PV,018068,018068,5185
ROZZANO,MI,015189,015189,5179
RECOARO TERME,VI,024084,024084,5173
CHIETI,CH,069022,069022,5173
MONTERONI D'ARBIA,SI,052017,052017,5171
LATERINA PERGINE VALDARNO,AR,051042,051042,5170
RIZZICONI,RC,080065,080065,5168
DESIO,MB,108023,108023,5163
SUPERSANO,LE,075081,075081,5161
VAIANO,PO,100006,100006,5159
ALBISOLA SUPERIORE,SV,009004,009004,5157
SANT'ARPINO,CE,061087,061087,5145
BAGNI DI LUCCA,LU,046002,046002,5133
MIGGIANO,LE,075046,075046,5127
ROBBIO,PV,018123,018123,5116
SQUINZANO,LE,075079,075079,5113
COTIGNOLA,RA,039009,039009,5094
CONCORDIA SAGITTARIA,VE,027011,027011,5094
CASTEGGIO,PV,018037,018037,5091
BRONI,PV,018024,018024,5086
SANT'ANGELO DEI LOMBARDI,AV,064092,064092,5081
REZZATO,BS,017161,017161,5079
SAN VENDEMIANO,TV,026076,026076,5079
MONTALBANO ELICONA,ME,083057,083057,5074
AGROPOLI,SA,065002,065002,5071
AIROLA,BN,062001,062001,5071
SANTA CESAREA TERME,LE,075072,075072,5070
ZOLA PREDOSA,BO,037060,037060,5056
CREAZZO,VI,024036,024036,5055
SALUZZO,CN,004203,004203,5047
BASIGLIO,MI,015015,015015,5040
CASAL VELINO,SA,065028,065028,5002
ROVERBELLA,MN,020053,020053,4997
TRAVERSETOLO,PR,034042,034042,4997
VALLELUNGA PRATAMENO,CL,085021,085021,4992
MIRABELLA ECLANO,AV,064050,064050,4982
CERRETO SANNITA,BN,062023,062023,4978
ATELLA,PZ,076006,076006,4973
CASALE SUL SILE,TV,026009,026009,4968
SPILAMBERTO,MO,036045,036045,4948
SERRENTI,SU,111078,111078,4902
SAN GIORGIO BIGARELLO,MN,020057,020057,4900
GRASSANO,MT,077011,077011,4893
TAVAGNACCO,UD,030118,030118,4891
LIONI,AV,064044,064044,4881
NICOLOSI,CT,087031,087031,4876
SERRASTRETTA,CZ,079129,079129,4874
CORTALE,CZ,079034,079034,4873
BRESSANONE,BZ,021011,021011,4869
ALBA ADRIATICA,TE,067001,067001,4864
ZANÈ,VI,024119,024119,4862
GORIZIA,GO,031007,031007,4860
BUTERA,CL,085003,085003,4838
SAN FELICE SUL PANARO,MO,036037,036037,4835
SAN BENEDETTO VAL DI SAMBRO,BO,037051,037051,4819
SASSO MARCONI,BO,037057,037057,4811
MACERATA CAMPANIA,CE,061047,061047,4805
RUBIERA,RE,035036,035036,4791
ALBINO,BG,016004,016004,4789
NEPI,VT,056039,056039,4789
ARONA,NO,003008,003008,4788
GRAVINA DI CATANIA,CT,087019,087019,4786
CASTELLI CALEPIO,BG,016062,016062,4784
OSILO,SS,090050,090050,4772
FORMELLO,RM,058038,058038,4771
CITTÀ SANT'ANGELO,PE,068012,068012,4770
MARRUBIU,OR,095025,095025,4769
LOANO,SV,009034,009034,4768
ATRI,TE,067004,067004,4755
SAN DONACI,BR,074013,074013,4754
BREGANZE,VI,024014,024014,4753
GIFFONI VALLE PIANA,SA,065056,065056,4752
SONCINO,CR,019097,019097,4749
CORNEDO VICENTINO,VI,024034,024034,4740
TRESIGNANA,FE,038030,038030,4740
ORGOSOLO,NU,091062,091062,4734
VALMONTONE,RM,058110,058110,4734
GIARDINI-NAXOS,ME,083032,083032,4732
CAMPONOGARA,VE,027004,027004,4731
SAN GIOVANNI TEATINO,CH,069081,069081,4730
PERGOLA,PU,041043,041043,4729
MELEGNANO,MI,015140,015140,4726
LAZISE,VR,023043,023043,4725
CAMPOLONGO MAGGIORE,VE,027003,027003,4723
ACI SANT'ANTONIO,CT,087005,087005,4711
MONTICELLI D'ONGINA,PC,033027,033027,4710
ALIA,PA,082001,082001,4709
AVELLA,AV,064007,064007,4706
CASTEL BOLOGNESE,RA,039006,039006,4699
CARONIA,ME,083011,083011,4698
CAPANNOLI,PI,050005,050005,4690
FILOTTRANO,AN,042019,042019,4687
COLLEFERRO,RM,058034,058034,4683
REGGIOLO,RE,035032,035032,4677
DOMUSNOVAS,SU,111016,111016,4666
RONCHI DEI LEGIONARI,GO,031016,031016,4649
SERIATE,BG,016198,016198,4647
PRATOVECCHIO STIA,AR,051041,051041,4629
MENDICINO,CS,078079,078079,4626
SPILIMBERGO,PN,093044,093044,4619
ACQUAPENDENTE,VT,056001,056001,4588
GATTINARA,VC,002061,002061,4577
SAN MAURO MARCHESATO,KR,101020,101020,4566
GUALTIERI,RE,035023,035023,4566
PATERNO,PZ,076100,076100,4561
LAUREANA DI BORRELLO,RC,080042,080042,4547
SORANO,GR,053026,053026,4546
ALIMENA,PA,082002,082002,4540
SAN GREGORIO DI CATANIA,CT,087042,087042,4538
SAN GIOVANNI VALDARNO,AR,051033,051033,4535
RIESE PIO X,TV,026068,026068,4531
PORCARI,LU,046026,046026,4529
CAPODRISE,CE,061013,061013,4528
SAREZZO,BS,017174,017174,4526
PRIMIERO SAN MARTINO DI CASTROZZA,TN,022245,022245,4523
MATELICA,MC,043024,043024,4516
SAN BARTOLOMEO AL MARE,IM,008052,008052,4509
SPONGANO,LE,075078,075078,4504
CASTELLARANO,RE,035014,035014,4490
SAN DEMETRIO CORONE,CS,078114,078114,4487
CARPENEDOLO,BS,017039,017039,4486
VILLAGRANDE STRISAILI,NU,091101,091101,4484
CALTABELLOTTA,AG,084007,084007,4483
LUINO,VA,012092,012092,4479
MOTTA VISCONTI,MI,015151,015151,4462
RAGALNA,CT,087058,087058,4461
BRISIGHELLA,RA,039004,039004,4456
SANT'ANGELO DI BROLO,ME,083088,083088,4455
ROCCADASPIDE,SA,065106,065106,4454
RONCOFERRARO,MN,020052,020052,4451
BALESTRATE,PA,082007,082007,4442
NUMANA,AN,042032,042032,4437
CAMPOSAMPIERO,PD,028019,028019,4437
TRADATE,VA,012127,012127,4423
COLOGNO AL SERIO,BG,016079,016079,4421
CARPINETI,RE,035011,035011,4417
PALESTRINA,RM,058074,058074,4416
PESCHIERA DEL GARDA,VR,023059,023059,4415
RAIANO,AQ,066077,066077,4415
MANIACE,CT,087057,087057,4413
ISOLA DELLA SCALA,VR,023040,023040,4409
CONSELVE,PD,028034,028034,4405
SAN GIORGIO DELLE PERTICHE,PD,028075,028075,4405
LARCIANO,PT,047006,047006,4398
PIANORO,BO,037047,037047,4395
MONTAGNANA,PD,028056,028056,4395
CAMPOFRANCO,CL,085005,085005,4392
TURI,BA,072047,072047,4392
VOLTURARA IRPINA,AV,064119,064119,4381
PONTE DI LEGNO,BS,017148,017148,4380
OSSI,SS,090051,090051,4379
SAN DAMIANO D'ASTI,AT,005097,005097,4378
BARI SARDO,NU,091005,091005,4373
BARBERINO DI MUGELLO,FI,048002,048002,4368
PIEDIMONTE ETNEO,CT,087035,087035,4361
ZERO BRANCO,TV,026095,026095,4360
MARNATE,VA,012098,012098,4359
SANTA CROCE CAMERINA,RG,088010,088010,4350
PALAZZO SAN GERVASIO,PZ,076057,076057,4346
ALESSANDRIA DELLA ROCCA,AG,084002,084002,4341
CHIANCIANO TERME,SI,052009,052009,4334
VILLADOSE,RO,029048,029048,4334
PALAU,SS,090054,090054,4332
SORBOLO MEZZANI,PR,034051,034051,4331
VETRALLA,VT,056057,056057,4329
VARALLO,VC,002156,002156,4326
FARRA DI SOLIGO,TV,026026,026026,4326
SATRIANO,CZ,079123,079123,4322
PONTE BUGGIANESE,PT,047016,047016,4317
GRAZZANISE,CE,061042,061042,4314
BEDIZZOLE,BS,017014,017014,4306
ALZANO LOMBARDO,BG,016008,016008,4303
BARDOLINO,VR,023006,023006,4302
TAVULLIA,PU,041065,041065,4302
SANTA LUCIA DEL MELA,ME,083086,083086,4300
MONTECCHIO EMILIA,RE,035027,035027,4298
ROGGIANO GRAVINA,CS,078104,078104,4297
CASTEL MAGGIORE,BO,037019,037019,4294
CASTEGNATO,BS,017040,017040,4294
SCURCOLA MARSICANA,AQ,066096,066096,4288
CASTANO PRIMO,MI,015062,015062,4285
VIGARANO MAINARDA,FE,038022,038022,4282
ROSOLINA,RO,029040,029040,4282
BUSETO PALIZZOLO,TP,081002,081002,4279
DERUTA,PG,054017,054017,4273
VOLPIANO,TO,001314,001314,4270
ZOCCA,MO,036047,036047,4268
CAPRI,NA,063014,063014,4262
BUGGIANO,PT,047003,047003,4260
SANT'AMBROGIO DI VALPOLICELLA,VR,023077,023077,4259
SONDRIO,SO,014061,014061,4247
SANT'ANGELO LODIGIANO,LO,098050,098050,4240
CORNUDA,TV,026023,026023,4239
MONGHIDORO,BO,037040,037040,4230
MONTESCUDO-MONTE COLOMBO,RN,099029,099029,4222
CAVE,RM,058026,058026,4218
CARBONERA,TV,026008,026008,4214
PRIVERNO,LT,059019,059019,4211
CORIANO,RN,099003,099003,4199
PALAIA,PI,050024,050024,4194
LORIA,TV,026036,026036,4193
POGGIO RENATICO,FE,038018,038018,4186
MUSILE DI PIAVE,VE,027025,027025,4185
CASTIGLIONE DEI PEPOLI,BO,037022,037022,4184
FICARAZZI,PA,082035,082035,4179
GREZZANA,VR,023038,023038,4175
ASIAGO,VI,024009,024009,4175
PIEVE A NIEVOLE,PT,047013,047013,4160
MONTELABBATE,PU,041036,041036,4158
SAN MAURO TORINESE,TO,001249,001249,4154
PONTE SAN NICOLÒ,PD,028069,028069,4147
PICERNO,PZ,076059,076059,4143
MONTERIGGIONI,SI,052016,052016,4143
GALLICANO NEL LAZIO,RM,058040,058040,4143
OZZANO DELL'EMILIA,BO,037046,037046,4140
FABRIZIA,VV,102010,102010,4135
MONTECASSIANO,MC,043026,043026,4134
UTA,CA,092090,092090,4125
FIESOLE,FI,048015,048015,4125
SENNORI,SS,090067,090067,4124
ANACAPRI,NA,063004,063004,4124
FEROLETO ANTICO,CZ,079048,079048,4121
FALERNA,CZ,079047,079047,4107
CUGGIONO,MI,015096,015096,4106
BROLO,ME,083007,083007,4104
CAROSINO,TA,073002,073002,4087
MILENA,CL,085010,085010,4085
TRISSINO,VI,024110,024110,4084
GONNESA,SU,111030,111030,4084
MERATE,LC,097048,097048,4069
CRUCOLI,KR,101011,101011,4068
OLEVANO SUL TUSCIANO,SA,065082,065082,4064
CASTELNUOVO BERARDENGA,SI,052006,052006,4063
FICARRA,ME,083020,083020,4060
MARLIANA,PT,047007,047007,4056
FABBRICO,RE,035021,035021,4049
FERLA,SR,089008,089008,4045
BIBBIANO,RE,035004,035004,4037
SOGLIANO CAVOUR,LE,075075,075075,4036
BARGE,CN,004012,004012,4036
MONFORTE SAN GIORGIO,ME,083054,083054,4028
CASTENASO,BO,037021,037021,4026
BORGO VENETO,PD,028107,028107,4021
POIRINO,TO,001197,001197,4015
LIZZANO IN BELVEDERE,BO,037033,037033,4011
NEVIANO DEGLI ARDUINI,PR,034024,034024,4011
PASSIRANO,BS,017136,017136,4006
RESANA,TV,026066,026066,4004
MONTECHIARUGOLO,PR,034023,034023,4002
CASTELNUOVO DI PORTO,RM,058024,058024,4001
CAMERINO,MC,043007,043007,4001
MONTENERO DI BISACCIA,CB,070046,070046,4000
PORTO TORRES,SS,090058,090058,4000
GROTTAFERRATA,RM,058046,058046,4000
BORGIA,CZ,079011,079011,4000
AGRIGENTO,AG,084001,084001,4000
SAN CATALDO,CL,085016,085016,4000
CALENZANO,FI,048005,048005,4000
BARBERINO TAVARNELLE,FI,048054,048054,3999
CURINGA,CZ,079039,079039,3999
LA MADDALENA,SS,090035,090035,3999
NOVARA DI SICILIA,ME,083062,083062,3999
CEGLIE MESSAPICA,BR,074003,074003,3997
CUMIANA,TO,001097,001097,3993
SAN MICHELE DI GANZARIA,CT,087043,087043,3988
POVIGLIO,RE,035029,035029,3985
PIETRASANTA,LU,046024,046024,3985
CASTELLANA SICULA,PA,082024,082024,3982
SUBBIANO,AR,051037,051037,3981
CADELBOSCO DI SOPRA,RE,035008,035008,3977
GORGONZOLA,MI,015108,015108,3970
VILLA MINOZZO,RE,035045,035045,3967
GRISIGNANO DI ZOCCO,VI,024046,024046,3964
CABIATE,CO,013035,013035,3963
MELZO,MI,015142,015142,3962
BOTRICELLO,CZ,079012,079012,3957
STRADELLA,PV,018153,018153,3957
SAONARA,PD,028085,028085,3955
VERUCCHIO,RN,099020,099020,3955
MEDESANO,PR,034020,034020,3939
CASIER,TV,026010,026010,3939
SAN VITO,SU,111066,111066,3938
CORTE FRANCA,BS,017062,017062,3938
SAN GIORGIO LA MOLARA,BN,062059,062059,3936
FLERO,BS,017072,017072,3935
MERCATO SARACENO,FC,040020,040020,3933
VIGONOVO,VE,027043,027043,3926
MONTE SAN PIETRO,BO,037042,037042,3925
TURATE,CO,013227,013227,3921
TERRICCIOLA,PI,050036,050036,3920
MOSCIANO SANT'ANGELO,TE,067030,067030,3899
SISSA TRECASALI,PR,034049,034049,3892
SERRONE,FR,060071,060071,3879
COLCERESA,VI,024126,024126,3878
SAN CALOGERO,VV,102032,102032,3868
BORGORICCO,PD,028013,028013,3868
LUZZARA,RE,035026,035026,3865
MARSICOVETERE,PZ,076046,076046,3861
PROVAGLIO D'ISEO,BS,017156,017156,3858
VENTIMIGLIA DI SICILIA,PA,082077,082077,3856
BITTI,NU,091009,091009,3852
MONTEREALE,AQ,066056,066056,3850
STAZZEMA,LU,046030,046030,3849
SCISCIANO,NA,063077,063077,3849
GRANAROLO DELL'EMILIA,BO,037030,037030,3846
COMO,CO,013075,013075,3841
TUSA,ME,083101,083101,3836
FORINO,AV,064034,064034,3832
OSTRA,AN,042035,042035,3831
CALASCIBETTA,EN,086005,086005,3824
OFFIDA,AP,044054,044054,3818
GONZAGA,MN,020027,020027,3814
CASALVIERI,FR,060018,060018,3812
BAUNEI,NU,091006,091006,3810
ANGHIARI,AR,051001,051001,3807
BOMPIETRO,PA,082012,082012,3804
CHIGNOLO PO,PV,018048,018048,3803
ALA,TN,022001,022001,3790
SAN BIAGIO PLATANI,AG,084035,084035,3782
MONTEGIORDANO,CS,078082,078082,3780
ASCIANO,SI,052002,052002,3780
PECCIOLI,PI,050025,050025,3780
CASTELGOMBERTO,VI,024028,024028,3777
BOLSENA,VT,056008,056008,3758
SEUI,SU,111081,111081,3755
MONTEIASI,TA,073016,073016,3753
CASTROLIBERO,CS,078031,078031,3751
BUSCA,CN,004034,004034,3751
SEGRATE,MI,015205,015205,3742
FIAMIGNANO,RI,057028,057028,3738
MONTECOSARO,MC,043028,043028,3738
URBANIA,PU,041066,041066,3738
CASTEL DI IUDICA,CT,087013,087013,3737
CASTELLEONE,CR,019025,019025,3736
SANTO STEFANO DI MAGRA,SP,011026,011026,3726
FUSCALDO,CS,078058,078058,3716
LUNI,SP,011020,011020,3708
MONTEFORTE D'ALPONE,VR,023050,023050,3698
COLOGNOLA AI COLLI,VR,023028,023028,3695
ISOLA VICENTINA,VI,024048,024048,3690
FIESSO D'ARTICO,VE,027014,027014,3684
CALDERARA DI RENO,BO,037009,037009,3682
SAN GIOVANNI SUERGIU,SU,111063,111063,3678
BONO,SS,090012,090012,3677
SPELLO,PG,054050,054050,3664
MONTESANO SALENTINO,LE,075049,075049,3660
AMARONI,CZ,079003,079003,3657
CASTELSARDO,SS,090023,090023,3651
COLLECCHIO,PR,034009,034009,3646
MONZAMBANO,MN,020036,020036,3640
FORENZA,PZ,076033,076033,3635
TRICESIMO,UD,030127,030127,3632
ROSE,CS,078106,078106,3629
APPIANO SULLA STRADA DEL VINO,BZ,021004,021004,3623
NOVA SIRI,MT,077018,077018,3621
MARMIROLO,MN,020033,020033,3620
ARLUNO,MI,015010,015010,3615
MONTAGNAREALE,ME,083056,083056,3612
SAPRI,SA,065134,065134,3606
LIPARI,ME,083041,083041,3595
SPINAZZOLA,BT,110008,110008,3586
LORO CIUFFENNA,AR,051020,051020,3586
LEVICO TERME,TN,022104,022104,3585
TORRI DEL BENACO,VR,023086,023086,3584
PIOSSASCO,TO,001194,001194,3579
MARANO VICENTINO,VI,024056,024056,3573
SAN GIORGIO PIACENTINO,PC,033040,033040,3571
CASAVATORE,NA,063021,063021,3566
RIOLO TERME,RA,039015,039015,3565
VINOVO,TO,001309,001309,3565
GARGNANO,BS,017076,017076,3557
MALALBERGO,BO,037035,037035,3551
CASTELNOVO DI SOTTO,RE,035015,035015,3549
ARGELATO,BO,037002,037002,3547
SANTHIÀ,VC,002133,002133,3540
POLIZZI GENEROSA,PA,082058,082058,3537
BAGNO DI ROMAGNA,FC,040001,040001,3534
NERVESA DELLA BATTAGLIA,TV,026050,026050,3528
NOTARESCO,TE,067032,067032,3524
BELLINZAGO NOVARESE,NO,003016,003016,3522
ALVITO,FR,060004,060004,3520
CARPANETO PIACENTINO,PC,033011,033011,3519
RIVANAZZANO TERME,PV,018122,018122,3518
CARIGNANO,TO,001058,001058,3517
TORREGROTTA,ME,083098,083098,3514
MONTELEPRE,PA,082050,082050,3510
BESANA IN BRIANZA,MB,108008,108008,3510
CARINOLA,CE,061017,061017,3508
SILEA,TV,026081,026081,3506
MASSA E COZZILE,PT,047008,047008,3504
TIGGIANO,LE,075086,075086,3504
SAN PAOLO DI CIVITATE,FG,071050,071050,3500
DELICETO,FG,071022,071022,3499
TERME VIGLIATORE,ME,083106,083106,3499
MURAVERA,SU,111042,111042,3496
VENARIA REALE,TO,001292,001292,3495
SETTIMO MILANESE,MI,015211,015211,3494
CANTAGALLO,PO,100001,100001,3486
NAVE,BS,017117,017117,3486
GUGLIONESI,CB,070029,070029,3486
CUPRA MARITTIMA,AP,044017,044017,3480
ORTELLE,LE,075056,075056,3470
MAZZARRONE,CT,087056,087056,3470
BAGNOLO IN PIANO,RE,035002,035002,3467
CASTELL'ARQUATO,PC,033012,033012,3465
ARIENZO,CE,061004,061004,3465
RODÌ MILICI,ME,083075,083075,3461
OTRANTO,LE,075057,075057,3448
FURNARI,ME,083028,083028,3444
VALENTANO,VT,056053,056053,3426
SANTADI,SU,111068,111068,3421
OPPIDO LUCANO,PZ,076056,076056,3421
OSTELLATO,FE,038017,038017,3417
MUSSOLENTE,VI,024070,024070,3415
NASO,ME,083060,083060,3411
MARIANOPOLI,CL,085008,085008,3409
PIEVE DEL GRAPPA,TV,026096,026096,3408
SAN MARCO D'ALUNZIO,ME,083079,083079,3404
ANDRETTA,AV,064003,064003,3403
MEZZOLOMBARDO,TN,022117,022117,3398
GARDONE VAL TROMPIA,BS,017075,017075,3393
BREMBATE,BG,016037,016037,3390
NIZZA DI SICILIA,ME,083061,083061,3387
MAIOLATI SPONTINI,AN,042023,042023,3386
COCCAGLIO,BS,017056,017056,3381
BORGOSATOLLO,BS,017021,017021,3380
GUIGLIA,MO,036017,036017,3378
VERZINO,KR,101027,101027,3377
NOVENTA PADOVANA,PD,028058,028058,3376
SAN CONO,CT,087040,087040,3376
SANTA TERESA GALLURA,SS,090063,090063,3371
CERANO,NO,003049,003049,3370
SETTIMO SAN PIETRO,CA,092075,092075,3365
GIURDIGNANO,LE,075033,075033,3364
CASALBORDINO,CH,069015,069015,3363
BASSANO ROMANO,VT,056005,056005,3362
MELPIGNANO,LE,075045,075045,3356
CURSI,LE,075025,075025,3355
BURGIO,AG,084005,084005,3355
TRINO,VC,002148,002148,3354
MAJANO,UD,030053,030053,3350
ASCEA,SA,065009,065009,3347
DECOLLATURA,CZ,079043,079043,3346
CANOSSA,RE,035018,035018,3345
RADDUSA,CT,087036,087036,3340
ERBUSCO,BS,017069,017069,3340
LAMON,BL,025026,025026,3339
LARINO,CB,070031,070031,3336
SEMINARA,RC,080086,080086,3334
PIEVE DI CENTO,BO,037048,037048,3333
CASTELLO DI CISTERNA,NA,063025,063025,3333
MONTE SAN GIACOMO,SA,065075,065075,3332
GARDA,VR,023036,023036,3328
MONTEPRANDONE,AP,044045,044045,3323
POSITANO,SA,065100,065100,3322
SALEMI,TP,081018,081018,3319
POLESELLA,RO,029037,029037,3319
MOGLIA,MN,020035,020035,3318
BUGNARA,AQ,066012,066012,3314
POLLENZA,MC,043041,043041,3311
CIGLIANO,VC,002042,002042,3306
TAVERNA,CZ,079146,079146,3300
AMENDOLARA,CS,078011,078011,3296
CEREGNANO,RO,029015,029015,3287
SIMERI CRICHI,CZ,079133,079133,3284
TRASACCO,AQ,066102,066102,3279
SANTA LUCIA DI PIAVE,TV,026075,026075,3279
SAVIGNANO SUL PANARO,MO,036041,036041,3277
CASTELCOVATI,BS,017041,017041,3277
POLLICA,SA,065098,065098,3275
GAGGIO MONTANO,BO,037027,037027,3275
LATRONICO,PZ,076040,076040,3275
CURTAROLO,PD,028036,028036,3274
CALCIO,BG,016044,016044,3269
MEZZOJUSO,PA,082047,082047,3254
SAN DONATO DI LECCE,LE,075069,075069,3250
CAMERI,NO,003032,003032,3247
MONTANO ANTILIA,SA,065070,065070,3245
TORBOLE CASAGLIA,BS,017186,017186,3245
PEVERAGNO,CN,004163,004163,3244
ALTIVOLE,TV,026001,026001,3243
CARSOLI,AQ,066025,066025,3235
SOLESINO,PD,028087,028087,3233
COSTA VOLPINO,BG,016086,016086,3227
TRENZANO,BS,017190,017190,3227
CELLE LIGURE,SV,009022,009022,3226
LONATE POZZOLO,VA,012090,012090,3220
CASOLI,CH,069017,069017,3219
CAERANO DI SAN MARCO,TV,026006,026006,3218
AMANDOLA,FM,109002,109002,3218
ACQUASPARTA,TR,055001,055001,3216
TRAPPETO,PA,082074,082074,3215
CITTADUCALE,RI,057016,057016,3214
QUARTO D'ALTINO,VE,027031,027031,3209
SPADAFORA,ME,083096,083096,3208
ZUGLIANO,VI,024122,024122,3206
BOTTICINO,BS,017023,017023,3205
DOGLIANI,CN,004081,004081,3204
TROMELLO,PV,018164,018164,3203
CAVEZZO,MO,036009,036009,3202
CAVRIAGO,RE,035017,035017,3198
SONNINO,LT,059029,059029,3196
SCILLA,RC,080085,080085,3196
BICCARI,FG,071006,071006,3196
MONTE URANO,FM,109024,109024,3195
MONZUNO,BO,037044,037044,3190
BARBARANO MOSSANO,VI,024124,024124,3182
TOLVE,PZ,076090,076090,3181
URAS,OR,095069,095069,3180
SANT'ILARIO D'ENZA,RE,035039,035039,3179
CARONNO PERTUSELLA,VA,012034,012034,3179
ACCETTURA,MT,077001,077001,3175
PODENZANO,PC,033035,033035,3170
CALUSCO D'ADDA,BG,016046,016046,3170
SAN SALVATORE TELESINO,BN,062068,062068,3167
CASTELLAZZO BORMIDA,AL,006047,006047,3163
COSTERMANO SUL GARDA,VR,023030,023030,3162
USINI,SS,090077,090077,3159
GRICIGNANO DI AVERSA,CE,061043,061043,3156
FOSSÒ,VE,027017,027017,3155
TORINO DI SANGRO,CH,069091,069091,3152
GERACI SICULO,PA,082037,082037,3151
CARLOPOLI,CZ,079020,079020,3145
SANTORSO,VI,024095,024095,3139
VOBARNO,BS,017204,017204,3137
MORCIANO DI ROMAGNA,RN,099011,099011,3133
RUOTI,PZ,076071,076071,3132
VILLAMASSARGIA,SU,111098,111098,3131
MINERBIO,BO,037038,037038,3131
PAGLIETA,CH,069059,069059,3131
TONARA,NU,091093,091093,3131
RODENGO SAIANO,BS,017163,017163,3130
TORREGLIA,PD,028092,028092,3128
BORGIO VEREZZI,SV,009013,009013,3125
SAN VITO SULLO IONIO,CZ,079122,079122,3121
LA LOGGIA,TO,001127,001127,3118
CANAL SAN BOVO,TN,022038,022038,3116
OLMEDO,SS,090048,090048,3115
CAPOLONA,AR,051006,051006,3111
NEMBRO,BG,016144,016144,3110
CLUSONE,BG,016077,016077,3105
CANEGRATE,MI,015046,015046,3097
ACQUEDOLCI,ME,083107,083107,3096
CARMIGNANO DI BRENTA,PD,028023,028023,3096
ISORELLA,BS,017086,017086,3096
CUORGNÈ,TO,001098,001098,3096
VIMODRONE,MI,015242,015242,3092
CASTEL D'AZZANO,VR,023021,023021,3086
MONTELIBRETTI,RM,058063,058063,3082
SALE MARASINO,BS,017169,017169,3080
MEDOLLA,MO,036021,036021,3078
CASTEL SAN NICCOLÒ,AR,051010,051010,3076
REANA DEL ROJALE,UD,030090,030090,3074
CORMANO,MI,015086,015086,3073
SAMUGHEO,OR,095045,095045,3067
BARICELLA,BO,037003,037003,3064
BELVEDERE DI SPINELLO,KR,101001,101001,3061
FONTANELLATO,PR,034015,034015,3060
ANZOLA DELL'EMILIA,BO,037001,037001,3056
CASORATE SEMPIONE,VA,012039,012039,3051
CAPRANICA,VT,056014,056014,3051
LONGIANO,FC,040018,040018,3050
FURCI SICULO,ME,083027,083027,3050
GALLIERA VENETA,PD,028039,028039,3046
MORLUPO,RM,058068,058068,3046
RIGNANO FLAMINIO,RM,058082,058082,3042
BORGO MANTOVANO,MN,020072,020072,3042
TRIVENTO,CB,070081,070081,3040
TRICARICO,MT,077028,077028,3034
PAULLO,MI,015169,015169,3033
ORANI,NU,091061,091061,3030
PLOAGHE,SS,090057,090057,3026
SANDRIGO,VI,024091,024091,3024
CHERASCO,CN,004067,004067,3020
PESCINA,AQ,066069,066069,3020
VALLI DEL PASUBIO,VI,024113,024113,3020
TIZZANO VAL PARMA,PR,034039,034039,3019
PIANEZZA,TO,001189,001189,3017
COLORNO,PR,034010,034010,3017
BAGOLINO,BS,017010,017010,3016
TOANO,RE,035041,035041,3014
MONTECASTRILLI,TR,055017,055017,3007
MACCAGNO CON PINO E VEDDASCA,VA,012142,012142,3006
PESCASSEROLI,AQ,066068,066068,3005
MONZA,MB,108033,108033,3004
BRESSO,MI,015032,015032,3000
SERRE,SA,065140,065140,2994
CASTELLO DI GODEGO,TV,026013,026013,2992
BASCHI,TR,055007,055007,2992
TERRE DEL RENO,FE,038028,038028,2989
MOLITERNO,PZ,076050,076050,2980
BASELGA DI PINÈ,TN,022009,022009,2976
LIVORNO FERRARIS,VC,002071,002071,2967
MOIANO,BN,062040,062040,2965
INZAGO,MI,015114,015114,2964
ALMENNO SAN BARTOLOMEO,BG,016006,016006,2964
GODEGA DI SANT'URBANO,TV,026033,026033,2963
CARAGLIO,CN,004040,004040,2958
SORIANO NEL CIMINO,VT,056048,056048,2956
THIESI,SS,090071,090071,2955
VAL BREMBILLA,BG,016253,016253,2955
CASTIGLIONE D'ADDA,LO,098014,098014,2954
SAN FIOR,TV,026072,026072,2953
CISLAGO,VA,012050,012050,2953
BORSO DEL GRAPPA,TV,026004,026004,2952
COLONNELLA,TE,067019,067019,2950
CASTEL GANDOLFO,RM,058022,058022,2950
PRATOLA SERRA,AV,064075,064075,2950
CONCOREZZO,MB,108021,108021,2950
VESCOVATO,CR,019113,019113,2946
CASTROREALE,ME,083016,083016,2944
RIANO,RM,058081,058081,2942
SCALEA,CS,078138,078138,2940
CASTELBELLINO,AN,042008,042008,2935
VILLE DI FIEMME,TN,022254,022254,2932
URURI,CB,070083,070083,2931
COLLELONGO,AQ,066039,066039,2928
FRASSINORO,MO,036016,036016,2924
FABRO,TR,055011,055011,2920
LACCO AMENO,NA,063038,063038,2916
CERMENATE,CO,013064,013064,2911
PIOLTELLO,MI,015175,015175,2908
SOVICO,MB,108041,108041,2905
SERSALE,CZ,079130,079130,2902
RUDIANO,BS,017167,017167,2896
CESA,CE,061029,061029,2896
ALTAVILLA MILICIA,PA,082004,082004,2892
CASTELL'UMBERTO,ME,083014,083014,2891
TARCENTO,UD,030116,030116,2890
PONTE SAN PIETRO,BG,016170,016170,2886
VARZI,PV,018171,018171,2880
ESINE,BS,017070,017070,2875
BAUCINA,PA,082008,082008,2875
BOBBIO,PC,033005,033005,2874
BORORE,NU,091011,091011,2868
LAVARONE,TN,022102,022102,2867
STERNATIA,LE,075080,075080,2866
CAPIZZI,ME,083008,083008,2863
PELLEZZANO,SA,065090,065090,2848
CALANGIANUS,SS,090021,090021,2848
LAURINO,SA,065061,065061,2846
SAN MARCO DEI CAVOTI,BN,062064,062064,2845
SEDILO,OR,095052,095052,2843
SANT'EGIDIO ALLA VIBRATA,TE,067038,067038,2843
FRASCINETO,CS,078057,078057,2841
VISCIANO,NA,063088,063088,2841
BUCCINO,SA,065017,065017,2833
CAMPOSANO,NA,063013,063013,2833
MELISSA,KR,101014,101014,2831
MONTEVAGO,AG,084025,084025,2828
CASTIGLIONE MESSER RAIMONDO,TE,067013,067013,2827
SOSSANO,VI,024102,024102,2825
BIASSONO,MB,108009,108009,2819
VIGLIANO BIELLESE,BI,096077,096077,2819
GUALTIERI SICAMINÒ,ME,083035,083035,2808
FERMIGNANO,PU,041014,041014,2807
ALCARA LI FUSI,ME,083001,083001,2806
FAICCHIO,BN,062029,062029,2806
PASIANO DI PORDENONE,PN,093029,093029,2804
MASER,TV,026039,026039,2802
LAGOSANTO,FE,038011,038011,2796
CODEVIGO,PD,028033,028033,2795
GRIZZANA MORANDI,BO,037031,037031,2794
ZOGNO,BG,016246,016246,2793
VITORCHIANO,VT,056060,056060,2787
CEVA,CN,004066,004066,2780
TOLFA,RM,058105,058105,2779
PALAZZO ADRIANO,PA,082052,082052,2778
CASTEL RITALDI,PG,054008,054008,2777
BERCHIDDA,SS,090009,090009,2773
SANT'ONOFRIO,VV,102036,102036,2771
SANT'AGNELLO,NA,063071,063071,2768
FONTE,TV,026029,026029,2765
FILIANO,PZ,076032,076032,2764
PREDAIA,TN,022230,022230,2763
MONTE COMPATRI,RM,058060,058060,2763
POZZOLO FORMIGARO,AL,006138,006138,2760
SAN POLO D'ENZA,RE,035038,035038,2759
MANDELLO DEL LARIO,LC,097046,097046,2757
CASTEL D'ARIO,MN,020014,020014,2756
GIFFONI SEI CASALI,SA,065055,065055,2756
DOZZA,BO,037025,037025,2752
CANTIANO,PU,041008,041008,2751
BUDONI,SS,090091,090091,2751
VAL DI ZOLDO,BL,025073,025073,2751
ACERENZA,PZ,076002,076002,2751
CASTRI DI LECCE,LE,075017,075017,2741
FELINO,PR,034013,034013,2739
TRESCORE BALNEARIO,BG,016218,016218,2738
SAN MARTINO IN RIO,RE,035037,035037,2735
SACROFANO,RM,058093,058093,2729
SANT'ORESTE,RM,058099,058099,2727
OSPEDALETTO EUGANEO,PD,028059,028059,2725
SAN GIOVANNI IN MARIGNANO,RN,099017,099017,2724
SAN PIETRO IN GU,PD,028078,028078,2724
ARCOLE,VR,023004,023004,2722
CAMPO CALABRO,RC,080018,080018,2719
SAN CANZIAN D'ISONZO,GO,031018,031018,2717
BRANDIZZO,TO,001034,001034,2717
VERANO BRIANZA,MB,108048,108048,2715
MURLO,SI,052019,052019,2712
CORNIGLIO,PR,034012,034012,2707
FONDACHELLI-FANTINA,ME,083023,083023,2705
MONTIERI,GR,053017,053017,2704
OROTELLI,NU,091064,091064,2695
BURCEI,SU,111007,111007,2694
SCANDRIGLIA,RI,057064,057064,2691
LAIVES,BZ,021040,021040,2688
ANOIA,RC,080003,080003,2685
SAN GIORGIO DI PIANO,BO,037052,037052,2683
COMUNANZA,AP,044015,044015,2683
ZAMBRONE,VV,102049,102049,2680
VITA,TP,081023,081023,2679
PANDINO,CR,019067,019067,2679
APOLLOSA,BN,062004,062004,2678
ACQUALAGNA,PU,041001,041001,2677
LOVERE,BG,016128,016128,2677
ARBOREA,OR,095006,095006,2676
PALERMITI,CZ,079089,079089,2676
CAGGIANO,SA,065019,065019,2676
SANT'ANGELO A CUPOLO,BN,062071,062071,2671
ISOLA DELLE FEMMINE,PA,082043,082043,2669
VIÙ,TO,001313,001313,2668
CASTEL DI CASIO,BO,037015,037015,2667
MAROPATI,RC,080046,080046,2666
CASTELDACCIA,PA,082023,082023,2666
CIVITELLA PAGANICO,GR,053008,053008,2664
SALGAREDA,TV,026070,026070,2662
CERIANA,IM,008016,008016,2661
SAN BENIGNO CANAVESE,TO,001236,001236,2660
VILLANOVA DI CAMPOSAMPIERO,PD,028104,028104,2659
ALTINO,CH,069001,069001,2658
BARISCIANO,AQ,066009,066009,2656
SERRAMAZZONI,MO,036042,036042,2653
MAMMOLA,RC,080044,080044,2652
VALLE AURINA,BZ,021108,021108,2652
CASTELGRANDE,PZ,076021,076021,2647
TORRENOVA,ME,083108,083108,2647
CERCHIARA DI CALABRIA,CS,078036,078036,2640
SAMBUCA DI SICILIA,AG,084034,084034,2640
PACENTRO,AQ,066066,066066,2635
SAN NICOLÒ D'ARCIDANO,OR,095046,095046,2626
GUARDIA LOMBARDI,AV,064040,064040,2623
GORO,FE,038025,038025,2623
TORRILE,PR,034041,034041,2622
LAURENZANA,PZ,076041,076041,2621
CAVAION VERONESE,VR,023023,023023,2619
GATTATICO,RE,035022,035022,2618
CASTELLUCCHIO,MN,020016,020016,2618
SALA BOLOGNESE,BO,037050,037050,2616
MENAGGIO,CO,013145,013145,2616
SAN MARTINO D'AGRI,PZ,076077,076077,2613
DINAMI,VV,102008,102008,2613
CASTIGLIONE MESSER MARINO,CH,069020,069020,2609
SAN SEVERINO LUCANO,PZ,076078,076078,2605
MONTECARLO,LU,046021,046021,2603
CAMASTRA,AG,084008,084008,2603
FOSSACESIA,CH,069033,069033,2598
BUONABITACOLO,SA,065018,065018,2597
PIAZZA AL SERCHIO,LU,046023,046023,2596
FALERONE,FM,109005,109005,2596
FONTANELLE,TV,026028,026028,2590
CIVITELLA CASANOVA,PE,068014,068014,2589
VENETICO,ME,083104,083104,2585
GROTTAZZOLINA,FM,109008,109008,2584
SAN PAOLO,BS,017138,017138,2584
SASSOCORVARO AUDITORE,PU,041071,041071,2581
MURO LUCANO,PZ,076053,076053,2580
ROTONDELLA,MT,077023,077023,2579
TRIUGGIO,MB,108043,108043,2569
BUSSOLENO,TO,001044,001044,2567
SAN GIOVANNI INCARICO,FR,060064,060064,2567
RODIGO,MN,020051,020051,2561
VILLANOVA MONDOVÌ,CN,004245,004245,2557
PIANOPOLI,CZ,079096,079096,2557
MONGIUFFI MELIA,ME,083055,083055,2556
OLGIATE COMASCO,CO,013165,013165,2556
SARCEDO,VI,024097,024097,2550
ROSETO VALFORTORE,FG,071044,071044,2544
CASARZA LIGURE,GE,010011,010011,2541
BRESCELLO,RE,035006,035006,2538
CELLAMARE,BA,072018,072018,2534
CASSINE,AL,006043,006043,2532
SAN PROSPERO,MO,036039,036039,2531
CASALOLDO,MN,020011,020011,2529
MASSA D'ALBE,AQ,066054,066054,2528
NARBOLIA,OR,095031,095031,2524
PIETRAMELARA,CE,061058,061058,2523
CACCURI,KR,101002,101002,2515
STANGHELLA,PD,028088,028088,2515
BRICHERASIO,TO,001035,001035,2514
GAGGIANO,MI,015103,015103,2510
CONTIGLIANO,RI,057025,057025,2509
GAMBATESA,CB,070025,070025,2509
POGGIO RUSCO,MN,020042,020042,2506
VILLANOVA D'ALBENGA,SV,009068,009068,2503
MONTAZZOLI,CH,069051,069051,2503
MONTERENZIO,BO,037041,037041,2502
RAPAGNANO,FM,109035,109035,2499
VILLAFRANCA SICULA,AG,084043,084043,2493
CARTURA,PD,028026,028026,2493
COLLAZZONE,PG,054014,054014,2493
GATTICO-VERUNO,NO,003166,003166,2493
CERISANO,CS,078037,078037,2492
CASTELLIRI,FR,060020,060020,2487
SOSPIROLO,BL,025056,025056,2487
TORRE DE' PASSERI,PE,068043,068043,2485
SOAVE,VR,023081,023081,2484
PORTIGLIOLA,RC,080062,080062,2482
CEPPALONI,BN,062022,062022,2482
RIARDO,CE,061068,061068,2479
CAPPELLA MAGGIORE,TV,026007,026007,2478
ORTISEI,BZ,021061,021061,2478
LANA,BZ,021041,021041,2474
MALEO,LO,098035,098035,2473
BONITO,AV,064012,064012,2473
ALBANO SANT'ALESSANDRO,BG,016003,016003,2473
MARIGLIANELLA,NA,063042,063042,2469
VIGONE,TO,001299,001299,2468
SUCCIVO,CE,061090,061090,2467
TOCCO DA CASAURIA,PE,068042,068042,2463
SAN PIETRO DI FELETTO,TV,026073,026073,2462
CASTELROTTO,BZ,021019,021019,2462
LATTARICO,CS,078066,078066,2461
LAMA MOCOGNO,MO,036018,036018,2460
VILLA DEL CONTE,PD,028101,028101,2459
BORETTO,RE,035005,035005,2448
MAPELLO,BG,016132,016132,2447
VENTICANO,AV,064116,064116,2441
ORGIANO,VI,024075,024075,2439
ARCISATE,VA,012004,012004,2437
POMPIANO,BS,017146,017146,2434
SETTINGIANO,CZ,079131,079131,2429
ROMAGNANO SESIA,NO,003130,003130,2429
GAIOLE IN CHIANTI,SI,052013,052013,2428
BORGHETTO DI BORBERA,AL,006018,006018,2427
ABRIOLA,PZ,076001,076001,2426
SALANDRA,MT,077024,077024,2425
CASTIGLIONE DELLA PESCAIA,GR,053006,053006,2423
BENTIVOGLIO,BO,037005,037005,2422
PRIGNANO SULLA SECCHIA,MO,036033,036033,2421
CAPOSELE,AV,064017,064017,2419
CASTELLO D'ARGILE,BO,037017,037017,2418
PESCHIERA BORROMEO,MI,015171,015171,2417
PALAGANO,MO,036029,036029,2417
RENON,BZ,021072,021072,2415
VILLALBA,CL,085022,085022,2411
UCRIA,ME,083102,083102,2410
FALCONE,ME,083019,083019,2409
SANT'AGATA BOLOGNESE,BO,037056,037056,2409
ALTOPIANO DELLA VIGOLANA,TN,022236,022236,2407
VIGOLZONE,PC,033045,033045,2407
SANTA SEVERINA,KR,101022,101022,2405
BLUFI,PA,082082,082082,2405
CICAGNA,GE,010016,010016,2403
STEFANACONI,VV,102043,102043,2394
PIZZONI,VV,102028,102028,2392
BERNAREGGIO,MB,108007,108007,2392
CASTRO,LE,075096,075096,2390
DORNO,PV,018061,018061,2388
VILLANUOVA SUL CLISI,BS,017201,017201,2378
GUSSOLA,CR,019052,019052,2376
CASTEL D'AIANO,BO,037013,037013,2375
CARINARO,CE,061016,061016,2370
BELLUSCO,MB,108006,108006,2368
MAGLIANO DE' MARSI,AQ,066053,066053,2367
SAN VENANZO,TR,055030,055030,2367
OLGIATE MOLGORA,LC,097058,097058,2367
FEROLETO DELLA CHIESA,RC,080032,080032,2365
CASTEL SANT'ELIA,VT,056017,056017,2363
PERSICO DOSIMO,CR,019068,019068,2363
SANTA MARIA NUOVA,AN,042043,042043,2361
LOIANO,BO,037034,037034,2358
MANDAS,SU,111039,111039,2355
CUSANO MILANINO,MI,015098,015098,2355
PIEGARO,PG,054040,054040,2355
SECLÌ,LE,075074,075074,2353
MONTI,SS,090041,090041,2353
GUARDEA,TR,055015,055015,2353
SANTENA,TO,001257,001257,2347
AMALFI,SA,065006,065006,2346
TORGIANO,PG,054053,054053,2346
VOLVERA,TO,001315,001315,2345
LODI VECCHIO,LO,098032,098032,2344
MARZABOTTO,BO,037036,037036,2340
VAGLIO BASILICATA,PZ,076094,076094,2340
CAPRIANO DEL COLLE,BS,017037,017037,2338
BORGARO TORINESE,TO,001028,001028,2333
SAN VITO ROMANO,RM,058100,058100,2331
LABICO,RM,058049,058049,2328
CASTEL SAN LORENZO,SA,065035,065035,2328
CAIRATE,VA,012029,012029,2327
APPIGNANO,MC,043003,043003,2325
CASALINCONTRADA,CH,069016,069016,2324
FABRICA DI ROMA,VT,056024,056024,2323
BUSSI SUL TIRINO,PE,068005,068005,2322
MONCHIO DELLE CORTI,PR,034022,034022,2322
MEDIGLIA,MI,015139,015139,2322
VALSOLDA,CO,013234,013234,2322
APIRO,MC,043002,043002,2321
SIZIANO,PV,018150,018150,2321
MORDANO,BO,037045,037045,2320
VILLADOSSOLA,VB,103075,103075,2320
ROTONDA,PZ,076070,076070,2319
CASTEL GUELFO DI BOLOGNA,BO,037016,037016,2318
POLLINA,PA,082059,082059,2317
SAN CESARIO SUL PANARO,MO,036036,036036,2317
PATRICA,FR,060048,060048,2317
MORINO,AQ,066057,066057,2316
VARAPODIO,RC,080095,080095,2312
GALLICANO,LU,046015,046015,2312
ANTRODOCO,RI,057003,057003,2309
GALATRO,RC,080035,080035,2308
RIO SALICETO,RE,035034,035034,2307
MAMOIADA,NU,091046,091046,2303
FAUGLIA,PI,050014,050014,2301
POJANA MAGGIORE,VI,024079,024079,2298
PRESEZZO,BG,016176,016176,2297
CROPANI,CZ,079036,079036,2297
FROSOLONE,IS,094022,094022,2294
SAN CASSIANO,LE,075095,075095,2294
COSIO VALTELLINO,SO,014024,014024,2292
POGGIO TORRIANA,RN,099028,099028,2290
ISNELLO,PA,082042,082042,2288
NUVOLERA,BS,017120,017120,2288
PIEVEPELAGO,MO,036031,036031,2286
FAGGIANO,TA,073005,073005,2285
BARLASSINA,MB,108005,108005,2284
COSEANO,UD,030031,030031,2283
ALANNO,PE,068002,068002,2281
VERTOVA,BG,016234,016234,2280
BOSCO MARENGO,AL,006021,006021,2279
SAN BENEDETTO DEI MARSI,AQ,066085,066085,2269
NUVOLENTO,BS,017119,017119,2268
BORBONA,RI,057006,057006,2266
GOLFO ARANCI,SS,090083,090083,2257
FOGLIANISE,BN,062030,062030,2255
SANT'AGATA SUL SANTERNO,RA,039017,039017,2251
RIVOLTA D'ADDA,CR,019084,019084,2250
MANTA,CN,004116,004116,2249
RICCÒ DEL GOLFO DI SPEZIA,SP,011023,011023,2246
MONASTERACE,RC,080052,080052,2246
SAN PIETRO CLARENZA,CT,087044,087044,2245
LURATE CACCIVIO,CO,013138,013138,2244
CARIFE,AV,064019,064019,2241
QUISTELLO,MN,020047,020047,2240
GASPERINA,CZ,079056,079056,2240
PALLAGORIO,KR,101016,101016,2237
VADO LIGURE,SV,009064,009064,2230
VILLANOVA D'ASTI,AT,005118,005118,2229
MORGANO,TV,026047,026047,2229
FERENTILLO,TR,055012,055012,2228
VICO NEL LAZIO,FR,060087,060087,2227
MONTEFANO,MC,043029,043029,2226
PETRELLA TIFERNINA,CB,070052,070052,2225
COGGIOLA,BI,096019,096019,2224
SCANO DI MONTIFERRO,OR,095051,095051,2222
FIUMEFREDDO BRUZIO,CS,078055,078055,2221
CASTEL DI SANGRO,AQ,066028,066028,2221
FAETO,FG,071023,071023,2220
BARILE,PZ,076011,076011,2218
LULA,NU,091043,091043,2215
CAMPAGNOLA EMILIA,RE,035009,035009,2210
MONSAMPOLO DEL TRONTO,AP,044031,044031,2209
SANT'AMBROGIO DI TORINO,TO,001255,001255,2208
ACQUAVIVA PLATANI,CL,085001,085001,2207
AMOROSI,BN,062002,062002,2206
SAVIGNANO IRPINO,AV,064096,064096,2204
BOLOGNETTA,PA,082011,082011,2198
OLIVADI,CZ,079088,079088,2197
POZZUOLO MARTESANA,MI,015178,015178,2196
SERLE,BS,017178,017178,2196
LESIGNANO DE' BAGNI,PR,034019,034019,2196
PREDAZZO,TN,022147,022147,2196
SAN VITTORE OLONA,MI,015201,015201,2195
GIANO DELL'UMBRIA,PG,054021,054021,2195
CASALVECCHIO DI PUGLIA,FG,071014,071014,2193
SERRAVALLE SCRIVIA,AL,006160,006160,2193
SANTO STEFANO TICINO,MI,015200,015200,2188
PAESANA,CN,004157,004157,2187
SAN LORENZO IN CAMPO,PU,041054,041054,2184
CAMPODIPIETRA,CB,070008,070008,2184
LUNGRO,CS,078069,078069,2184
CORTEMILIA,CN,004073,004073,2183
ROLO,RE,035035,035035,2173
CASTELMEZZANO,PZ,076024,076024,2173
CASAPULLA,CE,061021,061021,2170
FONTEVIVO,PR,034016,034016,2168
VILLA LAGARINA,TN,022222,022222,2167
SANTE MARIE,AQ,066089,066089,2167
LONGARE,VI,024051,024051,2167
SAN GIORGIO ALBANESE,CS,078118,078118,2167
LEVANTO,SP,011017,011017,2166
CASTELPAGANO,BN,062017,062017,2164
BORGO VAL DI TARO,PR,034006,034006,2163
SARENTINO,BZ,021086,021086,2163
ESCALAPLANO,SU,111018,111018,2161
BORNO,BS,017022,017022,2161
SANT'AGATA LI BATTIATI,CT,087045,087045,2159
SAN MARTINO DI VENEZZE,RO,029044,029044,2159
CASSINA DE' PECCHI,MI,015060,015060,2159
COLVERDE,CO,013251,013251,2155
BRESSANA BOTTARONE,PV,018023,018023,2151
LUCOLI,AQ,066052,066052,2150
PABILLONIS,SU,111052,111052,2148
CONA,VE,027010,027010,2146
SAN LORENZO NUOVO,VT,056047,056047,2145
NOLE,TO,001166,001166,2144
VALMADRERA,LC,097083,097083,2140
GIAVERA DEL MONTELLO,TV,026032,026032,2137
TRIBANO,PD,028094,028094,2136
CASTELFORTE,LT,059004,059004,2134
ORSOMARSO,CS,078088,078088,2128
SOGLIANO AL RUBICONE,FC,040046,040046,2127
MONTEMESOLA,TA,073017,073017,2126
MOSCUFO,PE,068025,068025,2125
GALATI MAMERTINO,ME,083030,083030,2125
SCHIAVON,VI,024099,024099,2125
MONIGA DEL GARDA,BS,017109,017109,2124
LACONI,OR,095082,095082,2120
LUGAGNANO VAL D'ARDA,PC,033026,033026,2118
ISILI,SU,111036,111036,2118
ITALA,ME,083036,083036,2116
CANNOLE,LE,075012,075012,2116
SOLAROLO,RA,039018,039018,2111
FREGONA,TV,026030,026030,2108
FRANCICA,VV,102015,102015,2108
POGGIO MOIANO,RI,057054,057054,2107
LOREO,RO,029030,029030,2106
TORNIMPARTE,AQ,066101,066101,2106
GRESSAN,AO,007031,007031,2102
MARANO SUL PANARO,MO,036020,036020,2101
VERGHERETO,FC,040050,040050,2101
FAGNANO OLONA,VA,012067,012067,2100
POFI,FR,060055,060055,2100
GROPPARELLO,PC,033025,033025,2100
BUONCONVENTO,SI,052003,052003,2096
MONTEMILONE,PZ,076051,076051,2092
LICODIA EUBEA,CT,087020,087020,2087
GESUALDO,AV,064036,064036,2085
ALBERONA,FG,071002,071002,2084
GRANITI,ME,083034,083034,2084
GANDINO,BG,016108,016108,2082
ACQUAFORMOSA,CS,078001,078001,2078
MONTEROSI,VT,056038,056038,2077
GAGGI,ME,083029,083029,2076
CASALSERUGO,PD,028028,028028,2075
CARTIGLIANO,VI,024025,024025,2073
CERNOBBIO,CO,013065,013065,2072
MONTE ROBERTO,AN,042029,042029,2067
BASCIANO,TE,067005,067005,2064
ATINA,FR,060011,060011,2062
CAMPOROSSO,IM,008011,008011,2060
BORGO TICINO,NO,003025,003025,2058
ROGLIANO,CS,078105,078105,2058
UGGIATE CON RONAGO,CO,013256,013256,2056
AGNONE,IS,094002,094002,2056
MONTEFORTINO,FM,109015,109015,2056
GAZZUOLO,MN,020025,020025,2053
CALOPEZZATI,CS,078021,078021,2052
SAN PIETRO AL TANAGRO,SA,065125,065125,2052
ISPRA,VA,012084,012084,2045
ROVEGNO,GE,010052,010052,2045
CASNIGO,BG,016060,016060,2043
SAMPEYRE,CN,004205,004205,2042
ALZATE BRIANZA,CO,013007,013007,2041
CAVALLERMAGGIORE,CN,004059,004059,2036
VASTOGIRARDI,IS,094051,094051,2036
OGGIONA CON SANTO STEFANO,VA,012107,012107,2035
CONDOVE,TO,001093,001093,2035
CORFINIO,AQ,066041,066041,2035
CAMPEGINE,RE,035010,035010,2033
VENEGONO SUPERIORE,VA,012137,012137,2032
CARRÈ,VI,024024,024024,2031
POLVERIGI,AN,042038,042038,2030
FOLLINA,TV,026027,026027,2030
CALDIERO,VR,023017,023017,2030
GOSSOLENGO,PC,033023,033023,2026
GALBIATE,LC,097036,097036,2025
BOTTANUCO,BG,016034,016034,2024
CIVIDATE AL PIANO,BG,016076,016076,2022
SPERONE,AV,064103,064103,2022
SAN POSSIDONIO,MO,036038,036038,2021
CASTIGLIONE IN TEVERINA,VT,056018,056018,2020
BELLA,PZ,076012,076012,2016
SAN SALVATORE DI FITALIA,ME,083082,083082,2015
SESTA GODANO,SP,011028,011028,2014
PESCOCOSTANZO,AQ,066070,066070,2013
CALVELLO,PZ,076015,076015,2012
BORGOMANERO,NO,003024,003024,2012
PETTINEO,ME,083067,083067,2011
SAN NICOLA DA CRISSA,VV,102035,102035,2008
VILLAVALLELONGA,AQ,066106,066106,2007
ROCCARASO,AQ,066084,066084,2005
COGLIATE,MB,108020,108020,2003
LASCARI,PA,082044,082044,2000
BORGHETTO SANTO SPIRITO,SV,009012,009012,1999
CUASSO AL MONTE,VA,012058,012058,1999
VERGATO,BO,037059,037059,1998
NONE,TO,001168,001168,1998
MORRA DE SANCTIS,AV,064063,064063,1996
GRECI,AV,064037,064037,1988
GHISALBA,BG,016113,016113,1986
COLOSIMI,CS,078043,078043,1985
GALLIERA,BO,037028,037028,1985
CASTIGLIONE COSENTINO,CS,078030,078030,1985
CHIUSI DELLA VERNA,AR,051015,051015,1984
MONGRANDO,BI,096035,096035,1981
FLUMERI,AV,064032,064032,1980
AIELLO CALABRO,CS,078004,078004,1980
CASTELL'AZZARA,GR,053005,053005,1976
CASTEL DI LUCIO,ME,083013,083013,1974
CIRCELLO,BN,062024,062024,1970
VAILATE,CR,019112,019112,1968
CASTAGNARO,VR,023020,023020,1967
RIVISONDOLI,AQ,066078,066078,1964
SORGONO,NU,091086,091086,1963
CANTALUPO NEL SANNIO,IS,094005,094005,1963
BENE VAGIENNA,CN,004019,004019,1962
CAROBBIO DEGLI ANGELI,BG,016055,016055,1960
MALLES VENOSTA,BZ,021046,021046,1956
SARNICO,BG,016193,016193,1955
FERNO,VA,012068,012068,1952
CASOLA VALSENIO,RA,039005,039005,1952
PINASCA,TO,001190,001190,1952
PINO TORINESE,TO,001192,001192,1950
NOVI LIGURE,AL,006114,006114,1948
ISCHIA DI CASTRO,VT,056031,056031,1947
FOSSALTA DI PIAVE,VE,027015,027015,1943
ALÌ TERME,ME,083003,083003,1942
CAMUGNANO,BO,037010,037010,1941
SAN SIRO,CO,013248,013248,1938
PESSANO CON BORNAGO,MI,015172,015172,1937
DRAPIA,VV,102009,102009,1933
ANNONE VENETO,VE,027001,027001,1931
CALDARO SULLA STRADA DEL VINO,BZ,021015,021015,1931
MEZZOCORONA,TN,022116,022116,1930
CESINALI,AV,064026,064026,1929
GOZZANO,NO,003076,003076,1924
ORMELLE,TV,026052,026052,1921
CAMPO TURES,BZ,021017,021017,1915
NOEPOLI,PZ,076055,076055,1913
TRECENTA,RO,029047,029047,1913
VEROLENGO,TO,001293,001293,1912
SIMAXIS,OR,095059,095059,1912
BORGOMARO,IM,008010,008010,1909
MANSUÈ,TV,026037,026037,1908
TERMOLI,CB,070078,070078,1905
CALCINATE,BG,016043,016043,1902
AGUGLIANO,AN,042001,042001,1899
MONTORIO ROMANO,RM,058066,058066,1899
CORDOVADO,PN,093018,093018,1897
MACHERIO,MB,108029,108029,1897
BADALUCCO,IM,008006,008006,1892
ZIBIDO SAN GIACOMO,MI,015247,015247,1892
SATRIANO DI LUCANIA,PZ,076083,076083,1892
PALMARIGGI,LE,075058,075058,1889
EPISCOPIA,PZ,076030,076030,1888
SARSINA,FC,040044,040044,1887
MIRTO,ME,083051,083051,1884
MONTIRONE,BS,017114,017114,1884
CANAZEI,TN,022039,022039,1884
ADRARA SAN MARTINO,BG,016001,016001,1884
OSTRA VETERE,AN,042036,042036,1883
ALBAVILLA,CO,013003,013003,1882
VALLERMOSA,SU,111095,111095,1881
SAINT-PIERRE,AO,007063,007063,1880
PONCARALE,BS,017147,017147,1879
MAZZÈ,TO,001148,001148,1874
CASTELL'ALFERO,AT,005025,005025,1872
RUVO DEL MONTE,PZ,076072,076072,1871
CASAMARCIANO,NA,063018,063018,1871
CASTIGLIONE TORINESE,TO,001068,001068,1869
SERGNANO,CR,019094,019094,1868
STAZZANO,AL,006167,006167,1866
MONTEGRINO VALTRAVAGLIA,VA,012103,012103,1864
CHIANNI,PI,050012,050012,1860
CAVOUR,TO,001070,001070,1859
GRAFFIGNANO,VT,056029,056029,1858
CARFIZZI,KR,101003,101003,1857
CIMADOLMO,TV,026017,026017,1857
POLLUTRI,CH,069068,069068,1857
ANTONIMINA,RC,080004,080004,1855
MOZZO,BG,016143,016143,1853
CASTELNUOVO DI VAL DI CECINA,PI,050011,050011,1852
QUINDICI,AV,064077,064077,1852
ALIANO,MT,077002,077002,1851
PERNUMIA,PD,028061,028061,1848
BORGHETTO LODIGIANO,LO,098004,098004,1848
CIRÒ MARINA,KR,101008,101008,1847
MARTIRANO,CZ,079073,079073,1846
MARCIANO DELLA CHIANA,AR,051022,051022,1845
RAGOGNA,UD,030087,030087,1843
SERRAVALLE SESIA,VC,002137,002137,1842
ARCHI,CH,069002,069002,1842
ALFEDENA,AQ,066003,066003,1841
MARANO DI VALPOLICELLA,VR,023046,023046,1838
VELO D'ASTICO,VI,024115,024115,1838
BAVENO,VB,103008,103008,1830
CASTELFRANCI,AV,064023,064023,1830
BERNEZZO,CN,004022,004022,1829
VIANO,RE,035044,035044,1825
CAMPOFIORITO,PA,082018,082018,1825
SOVERIA SIMERI,CZ,079139,079139,1825
TRONZANO VERCELLESE,VC,002150,002150,1823
RIOLUNATO,MO,036035,036035,1823
MARCELLINA,RM,058056,058056,1822
UBOLDO,VA,012130,012130,1820
VIPITENO,BZ,021115,021115,1820
VILLONGO,BG,016242,016242,1817
STIENTA,RO,029045,029045,1816
ROSCIANO,PE,068035,068035,1815
RETORBIDO,PV,018121,018121,1814
ENDINE GAIANO,BG,016093,016093,1809
VITULANO,BN,062077,062077,1809
BAGNOREGIO,VT,056003,056003,1806
FRISA,CH,069037,069037,1804
SUVERETO,LI,049020,049020,1803
SAN CHIRICO NUOVO,PZ,076073,076073,1803
TELTI,SS,090080,090080,1800
CHIUDUNO,BG,016073,016073,1800
CANNOBIO,VB,103017,103017,1799
CAMPAGNATICO,GR,053002,053002,1798
PIETRELCINA,BN,062052,062052,1797
VILLA SANTA LUCIA,FR,060089,060089,1795
BOMARZO,VT,056009,056009,1794
CASTELLUCCIO SUPERIORE,PZ,076023,076023,1794
GEROCARNE,VV,102016,102016,1794
NIBIONNO,LC,097056,097056,1792
VERZUOLO,CN,004240,004240,1790
ROVITO,CS,078110,078110,1787
CASTELVETERE SUL CALORE,AV,064024,064024,1787
CIVITA,CS,078041,078041,1787
SAN BENEDETTO ULLANO,CS,078112,078112,1784
CADEO,PC,033007,033007,1783
ARNESANO,LE,075007,075007,1783
BAONE,PD,028009,028009,1782
SAN DONATO MILANESE,MI,015192,015192,1781
DEMONTE,CN,004079,004079,1780
OVODDA,NU,091071,091071,1779
ROCCA PIETORE,BL,025044,025044,1775
VILLA BASILICA,LU,046034,046034,1774
LOMAZZO,CO,013133,013133,1772
QUALIANO,NA,063062,063062,1771
GRECCIO,RI,057031,057031,1771
SAN PIER NICETO,ME,083080,083080,1770
AGNA,PD,028002,028002,1770
BRENZONE SUL GARDA,VR,023014,023014,1767
VACCARIZZO ALBANESE,CS,078152,078152,1766
ORSAGO,TV,026053,026053,1764
LEFFE,BG,016124,016124,1762
CONZA DELLA CAMPANIA,AV,064030,064030,1761
ACUTO,FR,060002,060002,1759
GRAGNANO TREBBIENSE,PC,033024,033024,1758
CURNO,BG,016089,016089,1757
AGLIANO TERME,AT,005001,005001,1757
EGNA,BZ,021029,021029,1757
SANT'ANTONINO DI SUSA,TO,001256,001256,1756
SANFRONT,CN,004209,004209,1752
CASTELLINA MARITTIMA,PI,050010,050010,1752
OLIVERI,ME,083063,083063,1749
LOMELLO,PV,018083,018083,1747
POZZONOVO,PD,028070,028070,1746
CORCHIANO,VT,056023,056023,1744
FICULLE,TR,055013,055013,1740
PADERNO FRANCIACORTA,BS,017130,017130,1740
BORGO TOSSIGNANO,BO,037007,037007,1736
GALLO MATESE,CE,061038,061038,1735
SAN GIORGIO SU LEGNANO,MI,015194,015194,1735
MAZZARRÀ SANT'ANDREA,ME,083046,083046,1734
OLLOLAI,NU,091056,091056,1734
COGNE,AO,007021,007021,1731
LOZZO ATESTINO,PD,028047,028047,1729
IDRO,BS,017082,017082,1729
BREGNANO,CO,013028,013028,1728
CERVIGNANO D'ADDA,LO,098018,098018,1728
SAN PELLEGRINO TERME,BG,016190,016190,1725
CADORAGO,CO,013036,013036,1725
VILLIMPENTA,MN,020068,020068,1725
MELIZZANO,BN,062039,062039,1722
MERGOZZO,VB,103044,103044,1720
GIUGGIANELLO,LE,075032,075032,1720
MONTEFIORINO,MO,036025,036025,1716
CHALLAND-SAINT-ANSELME,AO,007013,007013,1712
APPIANO GENTILE,CO,013010,013010,1711
RACINES,BZ,021070,021070,1711
ANGOLO TERME,BS,017006,017006,1710
MORFASSO,PC,033028,033028,1705
LASA,BZ,021042,021042,1705
CASALFIUMANESE,BO,037012,037012,1705
ISPANI,SA,065059,065059,1705
OME,BS,017123,017123,1705
SANT'ELIA FIUMERAPIDO,FR,060068,060068,1702
ROCCASCALEGNA,CH,069075,069075,1701
SAN FERMO DELLA BATTAGLIA,CO,013206,013206,1699
GENGA,AN,042020,042020,1698
FUMONE,FR,060039,060039,1697
CARLAZZO,CO,013047,013047,1695
VESTONE,BS,017197,017197,1694
ARENA,VV,102002,102002,1694
VEGGIANO,PD,028096,028096,1693
CIVEZZANO,TN,022061,022061,1691
SAN PIETRO MOSEZZO,NO,003135,003135,1691
LUMARZO,GE,010031,010031,1690
VAPRIO D'ADDA,MI,015230,015230,1690
SILLANO GIUNCUGNANO,LU,046037,046037,1689
SOMAGLIA,LO,098054,098054,1687
PARATICO,BS,017134,017134,1686
BISTAGNO,AL,006017,006017,1686
VILLAMAGNA,CH,069101,069101,1683
SABBIO CHIESE,BS,017168,017168,1683
PEDASO,FM,109030,109030,1683
MONTEFALCIONE,AV,064053,064053,1681
CALIZZANO,SV,009017,009017,1679
STILO,RC,080092,080092,1677
MONTEFIORE DELL'ASO,AP,044036,044036,1676
PRALBOINO,BS,017152,017152,1676
CAMPORGIANO,LU,046006,046006,1675
LIMBADI,VV,102019,102019,1675
CAMPOROTONDO ETNEO,CT,087012,087012,1674
MOTTA D'AFFERMO,ME,083059,083059,1674
SETTIMO VITTONE,TO,001266,001266,1674
PEIO,TN,022136,022136,1673
DUGENTA,BN,062027,062027,1672
DOMANICO,CS,078050,078050,1672
SELLA GIUDICARIE,TN,022246,022246,1671
BAGNOLI DI SOPRA,PD,028008,028008,1666
CAPRAROLA,VT,056015,056015,1666
APECCHIO,PU,041002,041002,1661
CAVEDINE,TN,022053,022053,1660
ENTRACQUE,CN,004084,004084,1660
DIANO D'ALBA,CN,004080,004080,1660
CASTELNUOVO CILENTO,SA,065032,065032,1656
GIZZERIA,CZ,079060,079060,1655
SESTO ED UNITI,CR,019095,019095,1655
RONCOFREDDO,FC,040037,040037,1655
POZZAGLIA SABINA,RI,057058,057058,1653
SAN RUFO,SA,065126,065126,1647
BESNATE,VA,012012,012012,1645
CARDEDU,NU,091103,091103,1645
VELLEZZO BELLINI,PV,018173,018173,1645
BOVEZZO,BS,017025,017025,1644
JELSI,CB,070030,070030,1643
BANZI,PZ,076009,076009,1641
LETOJANNI,ME,083038,083038,1640
RIPABOTTONI,CB,070058,070058,1639
SALA BAGANZA,PR,034031,034031,1638
MEZZANO,TN,022115,022115,1637
PALANZANO,PR,034026,034026,1637
BOSCONERO,TO,001033,001033,1635
BRUSAPORTO,BG,016042,016042,1634
ROCCABIANCA,PR,034030,034030,1632
SANTA DOMENICA VITTORIA,ME,083083,083083,1632
DOMASO,CO,013089,013089,1625
SAN LUCIDO,CS,078122,078122,1625
CELICO,CS,078034,078034,1624
CASTIGLIONE DI GARFAGNANA,LU,046010,046010,1622
SORIANELLO,VV,102039,102039,1622
SAN LORENZO AL MARE,IM,008054,008054,1621
CIVITELLA D'AGLIANO,VT,056022,056022,1621
MASSA DI SOMMA,NA,063092,063092,1620
MARCELLINARA,CZ,079072,079072,1618
CALOVETO,CS,078022,078022,1616
TAVERNERIO,CO,013222,013222,1616
ARITZO,NU,091001,091001,1613
ZELO BUON PERSICO,LO,098061,098061,1613
MONTICHIARI,BS,017113,017113,1612
CAMBIANO,TO,001048,001048,1611
SOLBIATE OLONA,VA,012122,012122,1611
CANARO,RO,029009,029009,1610
GIULIANO DI ROMA,FR,060041,060041,1609
CASSAGO BRIANZA,LC,097017,097017,1608
SAN SECONDO DI PINEROLO,TO,001254,001254,1608
CAVAGLIÀ,BI,096016,096016,1607
CIVITA D'ANTINO,AQ,066034,066034,1606
BACENO,VB,103006,103006,1605
FIASTRA,MC,043017,043017,1605
CASTELNOVO BARIANO,RO,029013,029013,1602
PETRELLA SALTO,RI,057050,057050,1601
SILVANO D'ORBA,AL,006162,006162,1601
ROCCAMANDOLFI,IS,094040,094040,1599
LUSIA,RO,029031,029031,1594
BINASCO,MI,015024,015024,1592
ALICE CASTELLO,VC,002004,002004,1592
MARENE,CN,004117,004117,1589
CROPALATI,CS,078046,078046,1588
CARPEGNA,PU,041009,041009,1585
VILLAR SAN COSTANZO,CN,004247,004247,1584
AIETA,CS,078005,078005,1583
PETTORANO SUL GIZIO,AQ,066071,066071,1581
LURAGO D'ERBA,CO,013136,013136,1580
LAPIO,AV,064042,064042,1579
CASTELLO TESINO,TN,022048,022048,1576
ROÈ VOLCIANO,BS,017164,017164,1576
CAMPOSANTO,MO,036004,036004,1575
MUSCOLINE,BS,017116,017116,1574
CINTO CAOMAGGIORE,VE,027009,027009,1572
MONTELEONE D'ORVIETO,TR,055021,055021,1570
FOSSALTO,CB,070024,070024,1567
PIETRADEFUSI,AV,064072,064072,1566
CERRO AL LAMBRO,MI,015071,015071,1564
SAN VINCENZO LA COSTA,CS,078135,078135,1563
BAGNOLO DEL SALENTO,LE,075008,075008,1562
CERES,TO,001072,001072,1562
NARDODIPACE,VV,102024,102024,1561
GAZOLDO DEGLI IPPOLITI,MN,020024,020024,1561
SAN GIOVANNI IN CROCE,CR,019090,019090,1560
CASALATTICO,FR,060017,060017,1560
BIENNO,BS,017018,017018,1558
LUNGAVILLA,PV,018084,018084,1555
CANDIA LOMELLINA,PV,018027,018027,1554
FORGARIA NEL FRIULI,UD,030137,030137,1554
CRESPINO,RO,029019,029019,1552
MONTECALVO IN FOGLIA,PU,041030,041030,1552
POZZO D'ADDA,MI,015177,015177,1549
DRO,TN,022079,022079,1547
AGNOSINE,BS,017003,017003,1546
MONTE DI MALO,VI,024063,024063,1546
BREZZO DI BEDERO,VA,012020,012020,1545
MONTEFLAVIO,RM,058061,058061,1544
CENGIO,SV,009023,009023,1544
VILLA SANTA MARIA,CH,069102,069102,1543
PORTOVENERE,SP,011022,011022,1540
CERVICATI,CS,078038,078038,1538
BERLINGO,BS,017015,017015,1537
FARA NOVARESE,NO,003065,003065,1533
CAPITIGNANO,AQ,066021,066021,1528
ROASIO,VC,002116,002116,1528
SELVA DI VAL GARDENA,BZ,021089,021089,1524
ROCCAVALDINA,ME,083073,083073,1522
SANT'ANNA D'ALFAEDO,VR,023078,023078,1521
QUARONA,VC,002107,002107,1521
OSNAGO,LC,097061,097061,1519
CASTIADAS,SU,111011,111011,1518
PICINISCO,FR,060050,060050,1517
SAN CANDIDO,BZ,021077,021077,1516
VILLAR PEROSA,TO,001307,001307,1516
CHIARANO,TV,026016,026016,1516
BASELICE,BN,062007,062007,1515
LOMAGNA,LC,097044,097044,1515
ROCCA SINIBALDA,RI,057062,057062,1514
CASALBORE,AV,064020,064020,1511
ARIZZANO,VB,103003,103003,1508
GAGLIATO,CZ,079055,079055,1505
FILETTINO,FR,060034,060034,1504
GAIRO,NU,091026,091026,1503
CLAUZETTO,PN,093016,093016,1502
BADIA,BZ,021006,021006,1501
TRIVIGNO,PZ,076093,076093,1501
VILLA GUARDIA,CO,013245,013245,1499
ALBOSAGGIA,SO,014002,014002,1498
MORETTA,CN,004143,004143,1496
ISOLA RIZZA,VR,023041,023041,1495
TONEZZA DEL CIMONE,VI,024106,024106,1493
ARENA PO,PV,018005,018005,1493
BARZANÒ,LC,097006,097006,1492
CASTELLUCCIO INFERIORE,PZ,076022,076022,1492
PORNASSIO,IM,008046,008046,1491
MONTEGALDA,VI,024064,024064,1491
SAN PIER D'ISONZO,GO,031021,031021,1490
CALICE LIGURE,SV,009016,009016,1489
CONTESSA ENTELLINA,PA,082033,082033,1488
VENEGONO INFERIORE,VA,012136,012136,1486
SAN CARLO CANAVESE,TO,001237,001237,1485
MORIAGO DELLA BATTAGLIA,TV,026048,026048,1485
OSOPPO,UD,030066,030066,1484
PAPASIDERO,CS,078092,078092,1484
ANGIARI,VR,023003,023003,1483
LUGNANO IN TEVERINA,TR,055016,055016,1482
PANNARANO,BN,062047,062047,1482
SAINT-CHRISTOPHE,AO,007058,007058,1478
ZERI,MS,045017,045017,1477
SAN GIACOMO DELLE SEGNATE,MN,020056,020056,1477
ALBISSOLA MARINA,SV,009003,009003,1475
ROCCELLA VALDEMONE,ME,083074,083074,1474
CAPRIATA D'ORBA,AL,006029,006029,1473
NOVA PONENTE,BZ,021059,021059,1472
ALBIATE,MB,108003,108003,1472
ROCCASECCA DEI VOLSCI,LT,059023,059023,1470
MONTEGROSSO D'ASTI,AT,005076,005076,1469
CHIUPPANO,VI,024030,024030,1467
NOVA LEVANTE,BZ,021058,021058,1465
ANDORNO MICCA,BI,096002,096002,1464
VALLE DI MADDALONI,CE,061097,061097,1464
CASTELPETROSO,IS,094010,094010,1464
LIVRAGA,LO,098030,098030,1464
ARMENTO,PZ,076005,076005,1463
CERRETO DI SPOLETO,PG,054010,054010,1462
ORDONA,FG,071063,071063,1460
ESTERZILI,SU,111020,111020,1459
LOCATE VARESINO,CO,013131,013131,1458
AZZATE,VA,012006,012006,1458
CALANNA,RC,080016,080016,1457
SANTA CRISTINA VALGARDENA,BZ,021085,021085,1456
ROCCAFLUVIONE,AP,044064,044064,1456
SAMOLACO,SO,014057,014057,1454
BORGO CHIESE,TN,022238,022238,1454
LOCERI,NU,091039,091039,1453
VAL DI NIZZA,PV,018166,018166,1453
SPOLTORE,PE,068041,068041,1453
GIBA,SU,111028,111028,1451
CARNATE,MB,108016,108016,1449
ROMENTINO,NO,003131,003131,1448
OLLASTRA,OR,095037,095037,1448
FIUMEDINISI,ME,083021,083021,1444
ENVIE,CN,004085,004085,1443
VILLAFRANCA D'ASTI,AT,005117,005117,1441
MAGLIANO SABINA,RI,057035,057035,1441
SANARICA,LE,075067,075067,1440
BROCCOSTELLA,FR,060015,060015,1440
ROBILANTE,CN,004185,004185,1439
SCARNAFIGI,CN,004217,004217,1438
CISLIANO,MI,015078,015078,1438
SALCITO,CB,070062,070062,1438
SAN FIORANO,LO,098047,098047,1437
CASTELVECCHIO SUBEQUO,AQ,066031,066031,1437
SAN RAFFAELE CIMENA,TO,001252,001252,1437
PEDRENGO,BG,016160,016160,1436
LETINO,CE,061044,061044,1436
NATURNO,BZ,021056,021056,1436
CASTRONNO,VA,012047,012047,1435
TOFFIA,RI,057068,057068,1433
URBE,SV,009063,009063,1432
CANTALUPA,TO,001053,001053,1432
CARAMANICO TERME,PE,068007,068007,1432
MONTEMARANO,AV,064058,064058,1432
VILLA DI SERIO,BG,016240,016240,1431
VIGNATE,MI,015237,015237,1430
TORRE BOLDONE,BG,016214,016214,1430
ATZARA,NU,091003,091003,1430
SCONTRONE,AQ,066094,066094,1428
PENNA SAN GIOVANNI,MC,043035,043035,1428
CAMPO DI GIOVE,AQ,066015,066015,1427
VERCANA,CO,013239,013239,1424
BORGHI,FC,040004,040004,1422
PRATO ALLO STELVIO,BZ,021067,021067,1422
CERVA,CZ,079027,079027,1419
PEDIVIGLIANO,CS,078096,078096,1419
PONSO,PD,028067,028067,1418
RAPINO,CH,069071,069071,1418
MONTECATINI VAL DI CECINA,PI,050019,050019,1415
VILLASPECIOSA,SU,111107,111107,1413
ATTIGLIANO,TR,055006,055006,1409
PINZANO AL TAGLIAMENTO,PN,093030,093030,1406
MARANO PRINCIPATO,CS,078077,078077,1406
SANTA MARIA DEL MOLISE,IS,094045,094045,1405
ASSAGO,MI,015011,015011,1403
BONASSOLA,SP,011005,011005,1402
MARCIGNAGO,PV,018086,018086,1402
ROCCAMONTEPIANO,CH,069073,069073,1401
CASSACCO,UD,030019,030019,1401
OGGEBBIO,VB,103049,103049,1401
SAN QUIRICO D'ORCIA,SI,052030,052030,1401
MONTEFALCONE NEL SANNIO,CB,070043,070043,1399
MELARA,RO,029032,029032,1398
DIGNANO,UD,030032,030032,1397
VEDUGGIO CON COLZANO,MB,108047,108047,1396
BLERA,VT,056007,056007,1395
FRASSINO,CN,004092,004092,1393
CAUTANO,BN,062021,062021,1393
BARIANO,BG,016020,016020,1392
TAURANO,AV,064106,064106,1392
TERRANOVA DI POLLINO,PZ,076088,076088,1391
GUARDAMIGLIO,LO,098029,098029,1391
PESCOSOLIDO,FR,060049,060049,1390
TRANA,TO,001276,001276,1388
APRICA,SO,014004,014004,1388
BARANELLO,CB,070002,070002,1387
GROTTE DI CASTRO,VT,056030,056030,1386
GAZZADA SCHIANNO,VA,012073,012073,1386
MONTEFRANCO,TR,055019,055019,1386
POCENIA,UD,030075,030075,1385
VILLAFRANCA IN LUNIGIANA,MS,045016,045016,1384
MOMBERCELLI,AT,005066,005066,1382
PIETRAFITTA,CS,078098,078098,1380
BIANZÈ,VC,002011,002011,1380
SALZANO,VE,027032,027032,1378
SAVOIA DI LUCANIA,PZ,076084,076084,1375
SACCO,SA,065113,065113,1373
COMITINI,AG,084016,084016,1372
AROSIO,CO,013012,013012,1372
MONTE PORZIO,PU,041038,041038,1371
VILLA SAN GIOVANNI IN TUSCIA,VT,056046,056046,1371
CASTELSARACENO,PZ,076025,076025,1369
BOARA PISANI,PD,028012,028012,1369
SAN POTITO SANNITICO,CE,061080,061080,1368
COCCONATO,AT,005042,005042,1364
BALZOLA,AL,006011,006011,1364
PIETRAPERTOSA,PZ,076061,076061,1362
GRUMOLO DELLE ABBADESSE,VI,024047,024047,1360
FRANCAVILLA MARITTIMA,CS,078056,078056,1360
GALLINARO,FR,060040,060040,1358
CASELLE IN PITTARI,SA,065029,065029,1357
GARAGUSO,MT,077009,077009,1356
PIETRABBONDANTE,IS,094035,094035,1356
SAN DANIELE DEL FRIULI,UD,030099,030099,1353
DURAZZANO,BN,062028,062028,1351
SPILINGA,VV,102042,102042,1349
LAVIANO,SA,065063,065063,1349
GUARENE,CN,004101,004101,1349
GALLESE,VT,056027,056027,1348
MONTECRESTESE,VB,103046,103046,1348
CAPRIE,TO,001055,001055,1347
DUBINO,SO,014027,014027,1343
MESERO,MI,015144,015144,1342
SANTOPADRE,FR,060069,060069,1341
SAN BASSANO,CR,019088,019088,1339
PENTONE,CZ,079092,079092,1338
GARGALLO,NO,003070,003070,1337
MOCONESI,GE,010036,010036,1337
SAN PIETRO VIMINARIO,PD,028079,028079,1336
VALDASTICO,VI,024112,024112,1335
PALESTRO,PV,018107,018107,1335
MORMANNO,CS,078084,078084,1335
VALDINA,ME,083103,083103,1334
MOTTA SANTA LUCIA,CZ,079083,079083,1334
CARASSAI,AP,044010,044010,1333
CAPIAGO INTIMIANO,CO,013043,013043,1333
SAN PIETRO APOSTOLO,CZ,079115,079115,1332
DEGO,SV,009027,009027,1332
CARENNO,LC,097014,097014,1330
ROCCAFRANCA,BS,017162,017162,1328
SENNA LODIGIANA,LO,098053,098053,1327
MASONE,GE,010032,010032,1326
RIO DI PUSTERIA,BZ,021074,021074,1326
FRONTONE,PU,041018,041018,1325
SAN LORENZO MAGGIORE,BN,062062,062062,1325
SANTO STEFANO AL MARE,IM,008056,008056,1324
BAGNARA DI ROMAGNA,RA,039003,039003,1323
DOBBIACO,BZ,021028,021028,1322
ALLEGHE,BL,025003,025003,1321
ROSCIGNO,SA,065111,065111,1320
ZAVATTARELLO,PV,018184,018184,1317
TREVENZUOLO,VR,023088,023088,1314
FRASSO TELESINO,BN,062035,062035,1313
PIZZO,VV,102027,102027,1312
ARSAGO SEPRIO,VA,012005,012005,1312
ZEDDIANI,OR,095074,095074,1311
PIOBBICO,PU,041049,041049,1310
MONFORTE D'ALBA,CN,004132,004132,1308
VARNA,BZ,021111,021111,1308
POLIA,VV,102029,102029,1308
AIELLI,AQ,066002,066002,1307
VERDERIO,LC,097091,097091,1306
MONTANO LUCINO,CO,013154,013154,1305
CICILIANO,RM,058030,058030,1305
FLORESTA,ME,083022,083022,1304
SEGGIANO,GR,053025,053025,1304
TERRASSA PADOVANA,PD,028090,028090,1302
VILLASTELLONE,TO,001308,001308,1302
SOLDANO,IM,008058,008058,1302
SALORNO SULLA STRADA DEL VINO,BZ,021076,021076,1301
BALSORANO,AQ,066007,066007,1301
MORRO D'ORO,TE,067029,067029,1301
MELICUCCÀ,RC,080048,080048,1300
URBANA,PD,028095,028095,1298
PIOBESI TORINESE,TO,001193,001193,1292
MARZANO APPIO,CE,061050,061050,1292
TORNARECCIO,CH,069092,069092,1292
SAN MARTINO IN PASSIRIA,BZ,021083,021083,1291
MUZZANA DEL TURGNANO,UD,030064,030064,1289
BATTAGLIA TERME,PD,028011,028011,1288
VENASCA,CN,004237,004237,1288
TELVE,TN,022188,022188,1287
SAN MARTINO DALL'ARGINE,MN,020059,020059,1286
BARZIO,LC,097007,097007,1284
POZZAGLIO ED UNITI,CR,019077,019077,1283
SELEGAS,SU,111074,111074,1282
ZUNGRI,VV,102050,102050,1281
SOIANO DEL LAGO,BS,017180,017180,1280
COMMEZZADURA,TN,022064,022064,1274
ELICE,PE,068018,068018,1273
SAN POLO DEI CAVALIERI,RM,058096,058096,1272
BUCCIANO,BN,062010,062010,1272
TULA,SS,090075,090075,1271
TRIVIGLIANO,FR,060081,060081,1271
RIVALTA BORMIDA,AL,006144,006144,1269
CAPO DI PONTE,BS,017035,017035,1267
CONTROGUERRA,TE,067020,067020,1266
RIPARBELLA,PI,050030,050030,1266
CALVENZANO,BG,016047,016047,1264
BUSSERO,MI,015040,015040,1260
ALBESE CON CASSANO,CO,013004,013004,1259
VIONE,BS,017202,017202,1259
PONTESTURA,AL,006133,006133,1259
SAN GENESIO ATESINO,BZ,021079,021079,1257
AMPEZZO,UD,030003,030003,1256
MALFA,ME,083043,083043,1256
PIETRAVAIRANO,CE,061059,061059,1248
CASTELLAFIUME,AQ,066029,066029,1247
CAMPOFELICE DI FITALIA,PA,082016,082016,1245
TORRE DI RUGGIERO,CZ,079148,079148,1244
CAMPIGLIA DEI BERICI,VI,024022,024022,1242
CANNETO PAVESE,PV,018029,018029,1242
COLOGNA VENETA,VR,023027,023027,1241
MORUZZO,UD,030063,030063,1241
ROCCANOVA,PZ,076069,076069,1241
MASSINO VISCONTI,NO,003093,003093,1241
GENOLA,CN,004096,004096,1240
COLONNA,RM,058035,058035,1239
LATERA,VT,056032,056032,1238
SAN FELICE DEL MOLISE,CB,070064,070064,1236
CARDETO,RC,080022,080022,1235
CERMIGNANO,TE,067016,067016,1235
PIETRAROJA,BN,062051,062051,1234
SORICO,CO,013216,013216,1233
SPERLINGA,EN,086017,086017,1231
STRANGOLAGALLI,FR,060075,060075,1230
COSOLETO,RC,080030,080030,1228
OZZANO MONFERRATO,AL,006123,006123,1226
JENNE,RM,058048,058048,1223
FRAZZANÒ,ME,083026,083026,1223
BALLABIO,LC,097004,097004,1223
RIVA PRESSO CHIERI,TO,001215,001215,1222
COLLEPARDO,FR,060028,060028,1220
TRAREGO VIGGIONA,VB,103066,103066,1220
MADIGNANO,CR,019055,019055,1219
GRADOLI,VT,056028,056028,1219
CRAVEGGIA,VB,103024,103024,1217
ALTISSIMO,VI,024005,024005,1215
PINAROLO PO,PV,018115,018115,1215
COLLOREDO DI MONTE ALBANO,UD,030028,030028,1215
PIANTEDO,SO,014048,014048,1214
BORGO VELINO,RI,057008,057008,1213
MONTEVERDI MARITTIMO,PI,050021,050021,1213
FORNI DI SOPRA,UD,030041,030041,1213
CERENZIA,KR,101006,101006,1212
ROSORA,AN,042040,042040,1211
CHIUSANICO,IM,008019,008019,1210
MERCALLO,VA,012101,012101,1210
CANDIOLO,TO,001051,001051,1209
SAN BARTOLOMEO VAL CAVARGNA,CO,013204,013204,1208
MESE,SO,014043,014043,1208
QUART,AO,007054,007054,1207
MELE,GE,010033,010033,1207
ROBECCO D'OGLIO,CR,019085,019085,1206
SOLERO,AL,006163,006163,1205
BARBARA,AN,042004,042004,1204
POLVERARA,PD,028066,028066,1202
CAVENAGO DI BRIANZA,MB,108017,108017,1201
TORRALBA,SS,090073,090073,1201
CAMPODORO,PD,028018,028018,1200
CHIEVE,CR,019029,019029,1199
MACERATA FELTRIA,PU,041023,041023,1198
VILLETTA BARREA,AQ,066107,066107,1196
TORREVECCHIA PIA,PV,018160,018160,1195
GESTURI,SU,111027,111027,1192
FRASSINETO PO,AL,006073,006073,1192
CIVITELLA ROVETO,AQ,066036,066036,1192
MORAZZONE,VA,012105,012105,1191
SPADOLA,VV,102041,102041,1188
DOMEGGE DI CADORE,BL,025018,025018,1188
MONTELEONE DI SPOLETO,PG,054031,054031,1188
CERRIONE,BI,096018,096018,1187
FRANCAVILLA ANGITOLA,VV,102014,102014,1187
FOMBIO,LO,098026,098026,1186
FRONT,TO,001109,001109,1185
MASSALENGO,LO,098037,098037,1184
CESANA TORINESE,TO,001074,001074,1184
SAN GIOVANNI DEL DOSSO,MN,020058,020058,1183
COMANO,MS,045005,045005,1182
MATRICE,CB,070037,070037,1181
TERLANO,BZ,021097,021097,1181
GIACCIANO CON BARUCHELLA,RO,029027,029027,1179
PECETTO TORINESE,TO,001183,001183,1179
GEMMANO,RN,099004,099004,1179
MONTORSO VICENTINO,VI,024068,024068,1176
CELENZA SUL TRIGNO,CH,069021,069021,1175
FARDELLA,PZ,076031,076031,1174
FRATTA TODINA,PG,054020,054020,1173
SANTOMENNA,SA,065131,065131,1173
CIRIGLIANO,MT,077005,077005,1172
CAPRI LEONE,ME,083010,083010,1171
PENNAPIEDIMONTE,CH,069064,069064,1171
TISSI,SS,090072,090072,1168
SANT'ALBANO STURA,CN,004211,004211,1167
LINAROLO,PV,018081,018081,1166
GUARDISTALLO,PI,050015,050015,1164
COLLE BRIANZA,LC,097024,097024,1164
DASÀ,VV,102007,102007,1164
MUCCIA,MC,043034,043034,1162
OLIVETO LUCANO,MT,077019,077019,1157
VILLAGA,VI,024117,024117,1157
CIVITACAMPOMARANO,CB,070019,070019,1155
CASTEL DEL RIO,BO,037014,037014,1154
ANNICCO,CR,019003,019003,1153
TRINITÀ,CN,004232,004232,1153
TUILI,SU,111091,111091,1152
TRAONA,SO,014069,014069,1151
CHIESA IN VALMALENCO,SO,014019,014019,1151
BAGALADI,RC,080006,080006,1151
BRENTA,VA,012019,012019,1150
SERRA SANT'ABBONDIO,PU,041061,041061,1149
SOLBIATE ARNO,VA,012121,012121,1146
BAGNATICA,BG,016018,016018,1146
FONTANELICE,BO,037026,037026,1145
GRANDOLA ED UNITI,CO,013111,013111,1144
BERGANTINO,RO,029006,029006,1144
FORCE,AP,044021,044021,1144
NEMI,RM,058070,058070,1143
PIEVE FOSCIANA,LU,046025,046025,1142
FONTANETO D'AGOGNA,NO,003066,003066,1141
MOMO,NO,003100,003100,1138
ORTONA DEI MARSI,AQ,066063,066063,1138
CASTEL SANT'ANGELO,RI,057015,057015,1137
BASTIGLIA,MO,036001,036001,1137
FIANO,TO,001104,001104,1137
MONTALTO PAVESE,PV,018094,018094,1135
VALDAORA,BZ,021106,021106,1135
MONTEFUSCO,AV,064056,064056,1134
BRINDISI MONTAGNA,PZ,076014,076014,1134
BORTIGALI,NU,091012,091012,1133
CARIMATE,CO,013046,013046,1131
CASALROMANO,MN,020012,020012,1130
SESTO,BZ,021092,021092,1129
BIONE,BS,017019,017019,1129
CASTAGNOLE MONFERRATO,AT,005023,005023,1129
ARRE,PD,028006,028006,1126
PARRANO,TR,055025,055025,1126
TOIRANO,SV,009061,009061,1124
DERVIO,LC,097030,097030,1123
MATTIE,TO,001147,001147,1123
NURALLAO,SU,111046,111046,1121
LIMOSANO,CB,070032,070032,1120
ARNARA,FR,060009,060009,1120
FERRUZZANO,RC,080033,080033,1119
FOSSALTA DI PORTOGRUARO,VE,027016,027016,1119
COASSOLO TORINESE,TO,001088,001088,1116
LAGUNDO,BZ,021038,021038,1116
CAMPOLI DEL MONTE TABURNO,BN,062014,062014,1113
SAN LORENZO DI SEBATO,BZ,021081,021081,1110
IMER,TN,022097,022097,1109
PRIMALUNA,LC,097070,097070,1108
TREPPO GRANDE,UD,030126,030126,1106
AGNADELLO,CR,019002,019002,1105
MASULLAS,OR,095026,095026,1103
CASEI GEROLA,PV,018033,018033,1103
GODRANO,PA,082040,082040,1103
CALVATONE,CR,019009,019009,1103
CASTEL ROZZONE,BG,016063,016063,1100
MONTONE,PG,054033,054033,1099
PORTALBERA,PV,018118,018118,1095
VANDOIES,BZ,021110,021110,1095
PIANDIMELETO,PU,041047,041047,1094
CANTELLO,VA,012030,012030,1087
CHAMPORCHER,AO,007018,007018,1087
SANTA LUCIA DI SERINO,AV,064088,064088,1084
CALAMANDRANA,AT,005013,005013,1084
VEDANO AL LAMBRO,MB,108046,108046,1083
BUSSO,CB,070005,070005,1082
SEULO,SU,111082,111082,1079
VOLTURARA APPULA,FG,071061,071061,1078
SAN MARTINO SULLA MARRUCINA,CH,069082,069082,1077
ODOLO,BS,017121,017121,1077
CASALE MARITTIMO,PI,050006,050006,1076
MARTIGNANA DI PO,CR,019057,019057,1075
MELAZZO,AL,006092,006092,1075
CAPONAGO,MB,108052,108052,1074
ORICOLA,AQ,066062,066062,1074
TREGLIO,CH,069096,069096,1074
MONTEGABBIONE,TR,055020,055020,1074
POLLONE,BI,096046,096046,1073
MERCATELLO SUL METAURO,PU,041025,041025,1072
SAN BASILIO,SU,111061,111061,1071
FILOGASO,VV,102013,102013,1070
SAN GIACOMO DEGLI SCHIAVONI,CB,070065,070065,1070
VALTOPINA,PG,054059,054059,1069
LEZZENO,CO,013126,013126,1066
ROBURENT,CN,004186,004186,1065
MAGLIANO ALPI,CN,004114,004114,1065
MORRONE DEL SANNIO,CB,070048,070048,1063
MAREBBE,BZ,021047,021047,1063
CASTELNUOVO BOCCA D'ADDA,LO,098013,098013,1060
REFRONTOLO,TV,026065,026065,1060
CERCHIO,AQ,066033,066033,1059
CERVESINA,PV,018047,018047,1058
PIANE CRATI,CS,078097,078097,1057
CASOLA DI NAPOLI,NA,063022,063022,1056
MEZZANE DI SOTTO,VR,023047,023047,1056
CAPRACOTTA,IS,094006,094006,1056
PALUDI,CS,078089,078089,1055
SETTEFRATI,FR,060072,060072,1055
MACCHIA D'ISERNIA,IS,094025,094025,1055
LA THUILE,AO,007041,007041,1054
PAVONE CANAVESE,TO,001181,001181,1053
CELLERE,VT,056020,056020,1051
LUNANO,PU,041022,041022,1050
BEDOLLO,TN,022011,022011,1047
PADERNO D'ADDA,LC,097062,097062,1046
SCENA,BZ,021087,021087,1045
COLLINAS,SU,111012,111012,1045
NEONELI,OR,095032,095032,1043
PERFUGAS,SS,090056,090056,1042
FIÈ ALLO SCILIAR,BZ,021031,021031,1040
POSINA,VI,024080,024080,1040
CINETO ROMANO,RM,058031,058031,1039
CASSINELLE,AL,006044,006044,1039
SANGANO,TO,001241,001241,1038
CLETO,CS,078042,078042,1037
VALSTRONA,VB,103069,103069,1037
MONTECOPIOLO,RN,099030,099030,1036
ROCCAVIGNALE,SV,009054,009054,1035
OCCIMIANO,AL,006115,006115,1034
DRUOGNO,VB,103029,103029,1034
PRAGELATO,TO,001201,001201,1033
CALTIGNAGA,NO,003030,003030,1032
CALENDASCO,PC,033008,033008,1031
GRANZE,PD,028043,028043,1030
BELMONTE DEL SANNIO,IS,094004,094004,1029
PAITONE,BS,017132,017132,1028
POLPENAZZE DEL GARDA,BS,017145,017145,1027
CASELLE LANDI,LO,098011,098011,1027
NAZ-SCIAVES,BZ,021057,021057,1027
RIVOLI VERONESE,VR,023062,023062,1027
MORRO D'ALBA,AN,042031,042031,1025
AFRICO,RC,080001,080001,1025
AIROLE,IM,008001,008001,1024
PARCINES,BZ,021062,021062,1023
DORMELLETTO,NO,003062,003062,1023
CAVALLIRIO,NO,003047,003047,1022
PERETO,AQ,066067,066067,1022
TRIORA,IM,008061,008061,1021
SAN GIULIANO DI PUGLIA,CB,070068,070068,1021
TORRICELLA IN SABINA,RI,057069,057069,1020
GARBAGNATE MONASTERO,LC,097037,097037,1019
PEIA,BG,016161,016161,1019
INTRODACQUA,AQ,066048,066048,1018
MEZZENILE,TO,001152,001152,1018
PIEDICAVALLO,BI,096044,096044,1018
SANT'ANTONIO DI GALLURA,SS,090085,090085,1017
SANT'IPPOLITO,PU,041058,041058,1017
ORA,BZ,021060,021060,1016
ANELA,SS,090004,090004,1013
REITANO,ME,083070,083070,1009
VESCOVANA,PD,028097,028097,1008
SAN VITO DI FAGAGNA,UD,030106,030106,1008
VALBONDIONE,BG,016223,016223,1008
MONTEDINOVE,AP,044034,044034,1007
SENIGA,BS,017177,017177,1007
GABICCE MARE,PU,041019,041019,1004
CIVIDATE CAMUNO,BS,017055,017055,1004
PESCAROLO ED UNITI,CR,019069,019069,1004
COPIANO,PV,018053,018053,1004
PORTACOMARO,AT,005087,005087,1004
FIORANO AL SERIO,BG,016100,016100,1004
PACIANO,PG,054036,054036,1003
ROCCHETTA DI VARA,SP,011025,011025,1003
NIARDO,BS,017118,017118,1002
TAGLIOLO MONFERRATO,AL,006169,006169,1001
VILLA ESTENSE,PD,028102,028102,1001
MONTE GRIMANO TERME,PU,041035,041035,1000
SAN NICOLÒ GERREI,SU,111064,111064,998
CERRO AL VOLTURNO,IS,094014,094014,997
SPINADESCO,CR,019100,019100,996
SANT'EUFEMIA A MAIELLA,PE,068037,068037,995
ROVETTA,BG,016187,016187,993
MONTE SANTA MARIA TIBERINA,PG,054032,054032,992
MEZZAGO,MB,108031,108031,990
ROCCHETTA A VOLTURNO,IS,094042,094042,990
CEFALÀ DIANA,PA,082026,082026,990
SULBIATE,MB,108042,108042,990
MARZANO DI NOLA,AV,064047,064047,989
POLAVENO,BS,017144,017144,988
COSTA DI MEZZATE,BG,016084,016084,988
ARLENA DI CASTRO,VT,056002,056002,987
MOLINARA,BN,062041,062041,986
ALDINO,BZ,021001,021001,986
COSSANO BELBO,CN,004074,004074,986
MONTEODORISIO,CH,069055,069055,986
VAL DI VIZZE,BZ,021107,021107,984
TICINETO,AL,006173,006173,984
GRAFFIGNANA,LO,098028,098028,981
LOMBARDORE,TO,001135,001135,981
BREMBIO,LO,098006,098006,981
MOGLIANO VENETO,TV,026043,026043,980
OFFAGNA,AN,042033,042033,980
SANTA PAOLINA,AV,064093,064093,979
CASTROREGIO,CS,078032,078032,979
CASTELGUGLIELMO,RO,029011,029011,979
SOSPIRO,CR,019099,019099,977
RASUN-ANTERSELVA,BZ,021071,021071,977
COCULLO,AQ,066037,066037,974
CALCIANO,MT,077004,077004,974
MERCATINO CONCA,PU,041026,041026,974
OSSIMO,BS,017128,017128,973
BOTTIDDA,SS,090016,090016,972
BASSIANO,LT,059002,059002,968
SCAPOLI,IS,094048,094048,967
CURON VENOSTA,BZ,021027,021027,967
GROSCAVALLO,TO,001118,001118,967
MACCHIA VALFORTORE,CB,070035,070035,966
BELLINZAGO LOMBARDO,MI,015016,015016,966
CORNEDO ALL'ISARCO,BZ,021023,021023,963
SAN GIULIANO DEL SANNIO,CB,070067,070067,962
MASIO,AL,006091,006091,960
AGAZZANO,PC,033001,033001,960
VALLIO TERME,BS,017193,017193,960
SESTRIERE,TO,001263,001263,959
VINADIO,CN,004248,004248,958
CASIRATE D'ADDA,BG,016059,016059,957
PETTENASCO,NO,003116,003116,956
SILIGO,SS,090068,090068,953
CIVITELLA SAN PAOLO,RM,058033,058033,953
MONTELONGO,CB,070044,070044,953
SALICETO,CN,004201,004201,953
PRALORMO,TO,001203,001203,952
AGRATE CONTURBIA,NO,003001,003001,951
MAGGIORA,NO,003088,003088,950
POGGIOFIORITO,CH,069067,069067,949
PAOLISI,BN,062048,062048,948
SULZANO,BS,017182,017182,948
JONADI,VV,102017,102017,948
BERZO INFERIORE,BS,017017,017017,948
BROGNATURO,VV,102004,102004,947
MILZANO,BS,017108,017108,945
MEZZANA,TN,022114,022114,945
BARGHE,BS,017012,017012,945
SAN PAOLO ALBANESE,PZ,076020,076020,945
CHIENES,BZ,021021,021021,944
ALA DI STURA,TO,001003,001003,944
VILLA FARALDI,IM,008067,008067,943
MONTAPPONE,FM,109013,109013,943
TURANIA,RI,057071,057071,942
SOLIGNANO,PR,034035,034035,942
PANETTIERI,CS,078090,078090,941
CARESANABLOT,VC,002031,002031,941
FIUMARA,RC,080034,080034,938
CHIAROMONTE,PZ,076028,076028,937
SASSETTA,LI,049019,049019,937
SAMO,RC,080070,080070,934
TRONTANO,VB,103068,103068,934
BELVEDERE OSTRENSE,AN,042005,042005,932
SANT'ANATOLIA DI NARCO,PG,054045,054045,932
CASALGRASSO,CN,004045,004045,929
ADRARA SAN ROCCO,BG,016002,016002,929
TERMENO SULLA STRADA DEL VINO,BZ,021098,021098,928
MONTEFINO,TE,067027,067027,924
FIGINO SERENZA,CO,013101,013101,923
TREMEZZINA,CO,013252,013252,923
MONGUELFO-TESIDO,BZ,021052,021052,922
SIZZANO,NO,003139,003139,922
BORGO PACE,PU,041006,041006,921
BARBANIA,TO,001021,001021,921
CANZANO,TE,067009,067009,920
PORTULA,BI,096048,096048,919
ORTIGNANO RAGGIOLO,AR,051027,051027,919
ERBÈ,VR,023032,023032,917
OTTOBIANO,PV,018106,018106,915
FALZES,BZ,021030,021030,914
GAIS,BZ,021034,021034,914
TARANTASCA,CN,004225,004225,912
PERINALDO,IM,008040,008040,911
VACRI,CH,069098,069098,911
PIGNATARO INTERAMNA,FR,060054,060054,911
QUAREGNA CERRETO,BI,096087,096087,910
NETRO,BI,096039,096039,910
CASTIRAGA VIDARDO,LO,098015,098015,910
ROLETTO,TO,001222,001222,909
RABBI,TN,022150,022150,908
TALANA,NU,091088,091088,908
VALLEBONA,IM,008062,008062,906
PALMOLI,CH,069061,069061,906
ARCINAZZO ROMANO,RM,058008,058008,905
SAMBUCI,RM,058094,058094,904
MAGHERNO,PV,018085,018085,902
SEGONZANO,TN,022172,022172,902
CASTELBALDO,PD,028029,028029,901
SAN BELLINO,RO,029043,029043,900
CAZZANO DI TRAMIGNA,VR,023024,023024,900
SAN GREGORIO D'IPPONA,VV,102034,102034,899
NICOTERA,VV,102025,102025,898
MAIRANO,BS,017099,017099,897
VALLE AGRICOLA,CE,061096,061096,897
TORANO NUOVO,TE,067042,067042,896
GALLODORO,ME,083031,083031,895
MANGO,CN,004115,004115,895
GORGA,RM,058045,058045,894
SAN MARCELLO,AN,042041,042041,893
BARANZATE,MI,015250,015250,893
CARTOSIO,AL,006036,006036,893
TAVIGLIANO,BI,096066,096066,892
TURRIVALIGNANI,PE,068044,068044,892
PELLA,NO,003115,003115,892
PONTECHIANALE,CN,004172,004172,891
VAGLI SOTTO,LU,046031,046031,890
NEROLA,RM,058071,058071,890
FRASSINELLE POLESINE,RO,029023,029023,889
GUILMI,CH,069044,069044,888
ROTA D'IMAGNA,BG,016186,016186,888
CRISSOLO,CN,004077,004077,887
GERA LARIO,CO,013107,013107,886
OULX,TO,001175,001175,886
PONTE LAMBRO,CO,013188,013188,885
VALDENGO,BI,096071,096071,885
PIATEDA,SO,014049,014049,885
TERRE D'ADIGE,TN,022251,022251,885
TIROLO,BZ,021101,021101,884
CAMINO,AL,006027,006027,883
PIETRAPAOLA,CS,078099,078099,883
VOGOGNA,VB,103077,103077,883
ORTUCCHIO,AQ,066064,066064,882
CARPINETO SINELLO,CH,069011,069011,881
CAPRALBA,CR,019015,019015,880
SANTO STEFANO LODIGIANO,LO,098051,098051,879
AGUGLIARO,VI,024001,024001,878
MOROZZO,CN,004144,004144,876
STELLANELLO,SV,009059,009059,876
VALMACCA,AL,006178,006178,875
MOSCHIANO,AV,064064,064064,874
VERCURAGO,LC,097086,097086,872
SAUZE D'OULX,TO,001259,001259,871
SAN PIETRO MUSSOLINO,VI,024094,024094,870
MONTEMIGNAIO,AR,051023,051023,870
COMIZIANO,NA,063029,063029,870
BOSSICO,BG,016033,016033,869
BUONALBERGO,BN,062011,062011,868
CIVO,SO,014022,014022,866
FURCI,CH,069038,069038,866
BANNIO ANZINO,VB,103007,103007,864
BODIO LOMNAGO,VA,012016,012016,863
BRUNATE,CO,013032,013032,860
ROCCA CANTERANO,RM,058084,058084,860
ORVINIO,RI,057047,057047,860
MELLE,CN,004122,004122,859
PRATO SESIA,NO,003122,003122,857
CAMPOLIETO,CB,070009,070009,856
SANTA MARIA COGHINAS,SS,090087,090087,855
BRUZOLO,TO,001040,001040,853
MASLIANICO,CO,013144,013144,853
PIACENZA D'ADIGE,PD,028062,028062,853
SANTO STEFANO DI ROGLIANO,CS,078134,078134,852
VALLE DI CASIES,BZ,021109,021109,851
TUFILLO,CH,069097,069097,850
CISTERNA D'ASTI,AT,005040,005040,850
GAMBERALE,CH,069039,069039,847
SAN PIETRO IN AMANTEA,CS,078126,078126,847
TERRANOVA SAPPO MINULIO,RC,080094,080094,845
VAPRIO D'AGOGNA,NO,003153,003153,843
BERZO DEMO,BS,017016,017016,842
BIANDRATE,NO,003018,003018,842
FLAIBANO,UD,030039,030039,841
DONATO,BI,096024,096024,840
SALENTO,SA,065115,065115,840
BRUGNATO,SP,011007,011007,839
RICENGO,CR,019079,019079,838
ROCCA D'ARAZZO,AT,005093,005093,837
VILLADEATI,AL,006182,006182,837
PONTEDASSIO,IM,008045,008045,835
INTROBIO,LC,097040,097040,833
TOCCO CAUDIO,BN,062075,062075,832
LONGOBARDI,CS,078067,078067,832
CALVERA,PZ,076016,076016,831
CAMPOLATTARO,BN,062013,062013,827
MONTORIO NEI FRENTANI,CB,070047,070047,826
PRESEGLIE,BS,017153,017153,826
GORNATE OLONA,VA,012080,012080,825
CANTOIRA,TO,001054,001054,824
MALEGNO,BS,017100,017100,824
CASTELVETERE IN VAL FORTORE,BN,062020,062020,823
CASALMAIOCCO,LO,098009,098009,820
LAINO CASTELLO,CS,078064,078064,820
COLLALTO SABINO,RI,057018,057018,820
LAURIANO,TO,001129,001129,819
CHIUSAVECCHIA,IM,008020,008020,818
BOSIO,AL,006022,006022,818
BALDISSERO TORINESE,TO,001018,001018,818
MONESIGLIO,CN,004131,004131,817
MALAGNINO,CR,019056,019056,817
GADESCO-PIEVE DELMONA,CR,019046,019046,817
TAVENNA,CB,070077,070077,816
MORGONGIORI,OR,095030,095030,816
CASTELNUOVO DI CONZA,SA,065033,065033,814
SIRTORI,LC,097076,097076,813
BULGAROGRASSO,CO,013034,013034,811
PUMENENGO,BG,016177,016177,811
MONTEVERDE,AV,064060,064060,811
CASALE CREMASCO-VIDOLASCO,CR,019017,019017,810
CERRETO LAZIALE,RM,058027,058027,810
FRESONARA,AL,006074,006074,810
BARDINETO,SV,009009,009009,809
CASTELGERUNDO,LO,098062,098062,809
CERVERE,CN,004065,004065,808
PREMIA,VB,103056,103056,808
TESIMO,BZ,021099,021099,807
MONTEBELLO DI BERTONA,PE,068023,068023,807
PARODI LIGURE,AL,006126,006126,807
MONASTERO DI VASCO,CN,004126,004126,805
CARISIO,VC,002032,002032,805
SENERCHIA,AV,064098,064098,801
VILLANOVA D'ARDENGHI,PV,018179,018179,801
TREZZO SULL'ADDA,MI,015221,015221,801
GARBAGNA,AL,006079,006079,800
CASTEL SAN VINCENZO,IS,094012,094012,797
MASSA FERMANA,FM,109011,109011,796
TUFO,AV,064113,064113,795
ARIELLI,CH,069004,069004,794
DRESANO,MI,015101,015101,793
MARZI,CS,078078,078078,793
TALAMELLO,RN,099027,099027,791
DIVIGNANO,NO,003060,003060,791
GURRO,VB,103036,103036,791
ORTACESUS,SU,111051,111051,789
RIALTO,SV,009053,009053,788
ARSITA,TE,067003,067003,788
CANTALUPO LIGURE,AL,006028,006028,787
FONTEGRECA,CE,061034,061034,787
MONDAINO,RN,099006,099006,786
OVIGLIO,AL,006122,006122,782
CASTIGLIONE A CASAURIA,PE,068009,068009,780
CAPERGNANICA,CR,019012,019012,780
MONTIANO,FC,040028,040028,779
CERCENASCO,TO,001071,001071,779
RANZANICO,BG,016179,016179,779
ORTEZZANO,FM,109029,109029,777
CASALDUNI,BN,062015,062015,777
SERRAPETRONA,MC,043051,043051,777
SAN PANCRAZIO,BZ,021084,021084,776
GUARDA VENETA,RO,029028,029028,776
SAN MARZANO OLIVETO,AT,005100,005100,775
CREMIA,CO,013083,013083,775
VERRUA PO,PV,018175,018175,774
LISCATE,MI,015122,015122,774
VILLANOVAFORRU,SU,111100,111100,770
SAN GIOVANNI LIPIONI,CH,069080,069080,769
CANNALONGA,SA,065024,065024,768
SIDDI,SU,111083,111083,767
PONTE NIZZA,PV,018117,018117,767
MARMENTINO,BS,017105,017105,767
VELTURNO,BZ,021116,021116,765
TETI,NU,091090,091090,765
STELVIO,BZ,021095,021095,763
SALERANO SUL LAMBRO,LO,098046,098046,762
CASPOGGIO,SO,014013,014013,762
ARPAISE,BN,062006,062006,761
CORTE BRUGNATELLA,PC,033017,033017,760
CAMPODIMELE,LT,059003,059003,759
CASALINO,NO,003040,003040,758
BAGNOLO DI PO,RO,029005,029005,758
CARREGA LIGURE,AL,006034,006034,757
SANTO STEFANO DI SESSANIO,AQ,066091,066091,757
REDAVALLE,PV,018120,018120,756
ACQUAFREDDA,BS,017001,017001,753
BOGOGNO,NO,003021,003021,753
VERRUA SAVOIA,TO,001294,001294,753
VIBONATI,SA,065156,065156,752
VESIME,AT,005113,005113,752
ALBIANO,TN,022002,022002,751
CICALA,CZ,079030,079030,751
MOLTRASIO,CO,013152,013152,751
SOZZAGO,NO,003141,003141,751
GARZENO,CO,013106,013106,749
BOSISIO PARINI,LC,097009,097009,746
CIORLANO,CE,061030,061030,745
MISSANELLO,PZ,076049,076049,744
CASTELPOTO,BN,062018,062018,743
ALFIANO NATTA,AL,006004,006004,743
ORCIANO PISANO,PI,050023,050023,742
MARENTINO,TO,001144,001144,742
MONTEROTONDO MARITTIMO,GR,053027,053027,741
SCILLATO,PA,082081,082081,740
CALASCA-CASTIGLIONE,VB,103014,103014,740
SANT'ALESSIO CON VIALONE,PV,018141,018141,740
LAGANADI,RC,080041,080041,739
CASTELBELLO-CIARDES,BZ,021018,021018,739
PETRALIA SOPRANA,PA,082055,082055,739
FRATTE ROSA,PU,041016,041016,738
CERNUSCO LOMBARDONE,LC,097020,097020,737
PIEVE SAN GIACOMO,CR,019075,019075,736
MONTAGNA SULLA STRADA DEL VINO,BZ,021053,021053,735
SAN MARTINO IN BADIA,BZ,021082,021082,732
SLUDERNO,BZ,021094,021094,731
PIOZZANO,PC,033034,033034,730
GRANDATE,CO,013110,013110,729
CASTANA,PV,018036,018036,729
MONFUMO,TV,026045,026045,728
CASSINA RIZZARDI,CO,013055,013055,728
BARATILI SAN PIETRO,OR,095011,095011,727
MONTEGROSSO PIAN LATTE,IM,008037,008037,727
GRAVERE,TO,001117,001117,726
SAN PROCOPIO,RC,080076,080076,726
CREMOSANO,CR,019037,019037,726
MONNO,BS,017110,017110,725
CONDRÒ,ME,083018,083018,725
ROCCACASALE,AQ,066079,066079,724
CORNO GIOVINE,LO,098022,098022,724
MONTAFIA,AT,005073,005073,724
MALGRATE,LC,097045,097045,723
SANT'ORSOLA TERME,TN,022168,022168,723
CAVARENO,TN,022051,022051,723
DOGLIOLA,CH,069029,069029,722
GUARDIALFIERA,CB,070027,070027,722
CASACANDITELLA,CH,069013,069013,720
CAVAGLIO D'AGOGNA,NO,003045,003045,719
MONTALDO BORMIDA,AL,006104,006104,717
TRISOBBIO,AL,006176,006176,717
SANT'ELENA SANNITA,IS,094047,094047,716
MOTTALCIATA,BI,096037,096037,715
RONDISSONE,TO,001225,001225,714
INCUDINE,BS,017083,017083,714
MACELLO,TO,001142,001142,713
GAMALERO,AL,006078,006078,710
PIANELLO DEL LARIO,CO,013183,013183,709
COMABBIO,VA,012054,012054,709
GAGLIANO ATERNO,AQ,066045,066045,709
MURIALDO,SV,009040,009040,709
VILLA D'OGNA,BG,016241,016241,708
BAJARDO,IM,008007,008007,708
CICOGNOLO,CR,019030,019030,707
SANT'AMBROGIO SUL GARIGLIANO,FR,060065,060065,707
ANDALO,TN,022005,022005,706
ROVESCALA,PV,018131,018131,704
CASTELDELCI,RN,099021,099021,700
MONTE CERIGNONE,PU,041031,041031,698
ANZOLA D'OSSOLA,VB,103002,103002,697
MELTINA,BZ,021050,021050,695
BRENNERO,BZ,021010,021010,693
SARDIGLIANO,AL,006157,006157,693
MANDELA,RM,058053,058053,693
FUNES,BZ,021033,021033,691
PINCARA,RO,029036,029036,691
NESPOLO,RI,057046,057046,690
TERZO,AL,006172,006172,689
RHÊMES-NOTRE-DAME,AO,007055,007055,688
CORTENOVA,LC,097025,097025,688
ANCARANO,TE,067002,067002,688
ALAGNA VALSESIA,VC,002002,002002,687
RICALDONE,AL,006143,006143,687
COMERIO,VA,012055,012055,686
BARRALI,SU,111004,111004,686
ONIFAI,NU,091059,091059,686
CREDERA RUBBIANO,CR,019034,019034,686
GABBIONETA-BINANUOVA,CR,019045,019045,685
FRAGNETO L'ABATE,BN,062033,062033,685
TRODENA NEL PARCO NATURALE,BZ,021102,021102,683
VILLALVERNIA,AL,006183,006183,681
LANZADA,SO,014036,014036,680
CASTELNUOVO BORMIDA,AL,006052,006052,680
MEZZANINO,PV,018092,018092,680
ONCINO,CN,004154,004154,680
BONEA,BN,062009,062009,679
MARTIS,SS,090039,090039,678
LISCIANO NICCONE,PG,054025,054025,678
SALIZZOLE,VR,023068,023068,678
PESCOLANCIANO,IS,094032,094032,677
CHIGNOLO D'ISOLA,BG,016072,016072,677
SOLETO,LE,075076,075076,677
GEROLA ALTA,SO,014031,014031,677
MONTE SAN MARTINO,MC,043032,043032,676
ORCO FEGLINO,SV,009044,009044,676
SMERILLO,FM,109039,109039,675
POMARETTO,TO,001198,001198,675
TONCO,AT,005109,005109,675
CASTAGNITO,CN,004046,004046,675
PROVAGLIO VAL SABBIA,BS,017157,017157,673
BASTIDA PANCARANA,PV,018011,018011,673
POGGIO PICENZE,AQ,066073,066073,671
SALISANO,RI,057063,057063,671
PROCENO,VT,056044,056044,671
NALLES,BZ,021055,021055,670
FORMIGARA,CR,019044,019044,670
COLLEGIOVE,RI,057020,057020,669
PRAZZO,CN,004174,004174,669
MARLENGO,BZ,021048,021048,668
ARSOLI,RM,058010,058010,668
MARZANO,PV,018087,018087,667
BULZI,SS,090019,090019,663
SALZA IRPINA,AV,064081,064081,661
CELLIO CON BREIA,VC,002171,002171,661
OLIVETTA SAN MICHELE,IM,008038,008038,660
TAVOLETO,PU,041064,041064,659
PISCINAS,SU,111056,111056,658
VILLACHIARA,BS,017200,017200,658
BARBARANO ROMANO,VT,056004,056004,658
DOBERDÒ DEL LAGO-DOBERDOB,GO,031003,031003,658
SEFRO,MC,043050,043050,656
ZUCCARELLO,SV,009069,009069,655
CASTELNUOVO CALCEA,AT,005030,005030,654
CELLA DATI,CR,019028,019028,653
MONTELAPIANO,CH,069053,069053,652
TREVISO BRESCIANO,BS,017191,017191,651
CAMBURZANO,BI,096010,096010,648
FILACCIANO,RM,058037,058037,648
TERENTO,BZ,021096,021096,647
TAVERNOLA BERGAMASCA,BG,016211,016211,647
CASTO,BS,017044,017044,644
MONTANASO LOMBARDO,LO,098040,098040,642
CONCA CASALE,IS,094018,094018,642
PIETRA MARAZZI,AL,006129,006129,641
GENIVOLTA,CR,019047,019047,640
OSTANA,CN,004156,004156,640
GIUSTINO,TN,022093,022093,639
VILLATA,VC,002164,002164,637
VILLA DI CHIAVENNA,SO,014077,014077,637
VALFLORIANA,TN,022209,022209,637
TERELLE,FR,060077,060077,636
ANFO,BS,017005,017005,636
GIULIANO TEATINO,CH,069042,069042,635
MENCONICO,PV,018089,018089,635
BORGO A MOZZANO,LU,046004,046004,634
PIANA DEGLI ALBANESI,PA,082057,082057,633
FORCHIA,BN,062032,062032,633
RONCOBELLO,BG,016184,016184,633
MONTE VIDON CORRADO,FM,109026,109026,632
LOSINE,BS,017094,017094,632
CARPINETO DELLA NORA,PE,068008,068008,631
CASALVOLONE,NO,003041,003041,631
PONTI,AL,006134,006134,630
VALLE SAN NICOLAO,BI,096074,096074,629
MONTE MARENZO,LC,097052,097052,628
VILLABASSA,BZ,021113,021113,628
ERULA,SS,090088,090088,628
BORNASCO,PV,018019,018019,623
TASSAROLO,AL,006170,006170,622
RIFREDDO,CN,004181,004181,621
ROCCA DI CAVE,RM,058085,058085,621
MOGGIO,LC,097050,097050,621
ACQUANEGRA CREMONESE,CR,019001,019001,619
SAN PIO DELLE CAMERE,AQ,066088,066088,619
FIESCO,CR,019043,019043,617
SAN GIORIO DI SUSA,TO,001245,001245,617
MARIANA MANTOVANA,MN,020032,020032,616
RESIA,UD,030092,030092,615
CORVARA IN BADIA,BZ,021026,021026,615
ANGRI,SA,065007,065007,614
PIEVE TESINO,TN,022142,022142,614
CORRIDO,CO,013077,013077,614
CASTELLO DELL'ACQUA,SO,014014,014014,614
FRAINE,CH,069034,069034,611
ALICE BEL COLLE,AL,006005,006005,611
COMIGNAGO,NO,003052,003052,610
SCIOLZE,TO,001262,001262,610
PERCA,BZ,021063,021063,609
MONTEMEZZO,CO,013155,013155,608
GALLUCCIO,CE,061039,061039,608
COLZATE,BG,016080,016080,608
RANZO,IM,008048,008048,607
CASTEL DI TORA,RI,057013,057013,606
ZEME,PV,018186,018186,606
VISONE,AL,006187,006187,605
VILLANDRO,BZ,021114,021114,604
ONANÌ,NU,091058,091058,603
GAIBA,RO,029025,029025,603
VINZAGLIO,NO,003164,003164,601
COSTANZANA,VC,002047,002047,600
OLTRONA DI SAN MAMETTE,CO,013169,013169,600
STAGNO LOMBARDO,CR,019103,019103,597
SANT'ANDREA FRIUS,SU,111069,111069,595
SORDIO,LO,098055,098055,594
LAVENONE,BS,017087,017087,594
BOLOGNOLA,MC,043005,043005,594
COLLE DI TORA,RI,057019,057019,593
CRESPIATICA,LO,098025,098025,586
RICADI,VV,102030,102030,584
MONTASOLA,RI,057039,057039,583
FAGAGNA,UD,030037,030037,582
BOSSOLASCO,CN,004027,004027,580
QUARNA SOPRA,VB,103058,103058,580
ZIGNAGO,SP,011032,011032,579
TORRE MONDOVÌ,CN,004227,004227,579
CAMPORA,SA,065023,065023,579
SALA BIELLESE,BI,096057,096057,578
BOSNASCO,PV,018020,018020,577
PIEVE D'OLMI,CR,019074,019074,576
SAN NICOLÒ DI COMELICO,BL,025046,025046,573
PRASCORSANO,TO,001206,001206,571
SANT'ANGELO LIMOSANO,CB,070073,070073,571
FONTANILE,AT,005054,005054,571
GAMBASSI TERME,FI,048020,048020,570
SAN LUPO,BN,062063,062063,569
CASALNOCETO,AL,006040,006040,569
FILIGHERA,PV,018063,018063,569
CLAINO CON OSTENO,CO,013071,013071,568
DIZZASCO,CO,013087,013087,568
CASAPE,RM,058021,058021,567
ONO SAN PIETRO,BS,017124,017124,564
CAZZANO SANT'ANDREA,BG,016067,016067,564
VINCHIO,AT,005120,005120,564
BUBBIANO,MI,015035,015035,564
SAN MAURO DI SALINE,VR,023074,023074,561
PAULI ARBAREI,SU,111053,111053,561
LA VALLE,BZ,021117,021117,559
TERRUGGIA,AL,006171,006171,559
SAN BASILE,CS,078111,078111,559
VILLALFONSINA,CH,069100,069100,559
MAIOLO,RN,099022,099022,556
CASALMORANO,CR,019022,019022,555
MARANO TICINO,NO,003091,003091,555
JOVENÇAN,AO,007038,007038,554
TORTORA,CS,078149,078149,554
ROCCA SANTA MARIA,TE,067036,067036,553
ZUMAGLIA,BI,096083,096083,553
CASTIGLIONE TINELLA,CN,004056,004056,552
ALBONESE,PV,018003,018003,551
FORMAZZA,VB,103031,103031,551
PIETRARUBBIA,PU,041048,041048,550
STIMIGLIANO,RI,057066,057066,550
SAN MARTINO SANNITA,BN,062065,062065,549
PIODE,VC,002097,002097,548
POSTAL,BZ,021066,021066,548
GROGNARDO,AL,006084,006084,547
NUCETTO,CN,004153,004153,547
RIVALBA,TO,001213,001213,547
LOZZOLO,VC,002072,002072,546
FELITTO,SA,065051,065051,545
MOGORELLA,OR,095028,095028,544
PERTICA ALTA,BS,017139,017139,544
CIVEZZA,IM,008022,008022,543
PEZZOLO VALLE UZZONE,CN,004164,004164,543
MURELLO,CN,004146,004146,542
MONTEGRIDOLFO,RN,099009,099009,542
VARALLO POMBIA,NO,003154,003154,541
CATANIA,CT,087015,087015,540
MACLODIO,BS,017097,017097,539
BRENNA,CO,013029,013029,539
SALA MONFERRATO,AL,006150,006150,538
MENDATICA,IM,008034,008034,538
MAGLIANO VETERE,SA,065065,065065,537
VICALVI,FR,060086,060086,536
MEZZANA MORTIGLIENGO,BI,096033,096033,535
CAMERATA CORNELLO,BG,016048,016048,534
PRAMOLLO,TO,001204,001204,533
SIMALA,OR,095058,095058,531
BRONZOLO,BZ,021012,021012,529
STAITI,RC,080090,080090,528
CASCINETTE D'IVREA,TO,001061,001061,528
COMAZZO,LO,098020,098020,528
SALMOUR,CN,004202,004202,524
PIETRACUPA,CB,070054,070054,522
MONTALENGHE,TO,001159,001159,519
CASTELLETTO STURA,CN,004049,004049,517
RODENGO,BZ,021075,021075,516
CARONA,BG,016056,016056,516
ROTA GRECA,CS,078109,078109,514
NASINO,SV,009041,009041,513
VOLONGO,CR,019114,019114,513
VARENNA,LC,097084,097084,511
CAMPERTOGNO,VC,002025,002025,510
LAINO,CO,013120,013120,510
MIOGLIA,SV,009039,009039,510
SONGAVAZZO,BG,016201,016201,509
LAVELLO,PZ,076043,076043,507
INARZO,VA,012082,012082,505
MORRO REATINO,RI,057045,057045,505
CERRO TANARO,AT,005036,005036,504
MOMBARCARO,CN,004124,004124,503
TON,TN,022200,022200,503
PERTICA BASSA,BS,017140,017140,502
TEANA,PZ,076087,076087,499
QUARNA SOTTO,VB,103059,103059,499
CALTO,RO,029008,029008,499
SANT'ALESSIO IN ASPROMONTE,RC,080080,080080,499
INVERSO PINASCA,TO,001122,001122,498
CASALETTO SPARTANO,SA,065027,065027,498
CORNALE E BASTIDA,PV,018191,018191,497
BOLZANO NOVARESE,NO,003022,003022,496
SAN LEUCIO DEL SANNIO,BN,062060,062060,495
BARENGO,NO,003012,003012,492
PERTOSA,SA,065093,065093,490
ORTA SAN GIULIO,NO,003112,003112,490
ARGEGNO,CO,013011,013011,490
TURRI,SU,111092,111092,489
PERCILE,RM,058076,058076,488
SEBORGA,IM,008057,008057,487
SELVA DEI MOLINI,BZ,021088,021088,487
MONCUCCO TORINESE,AT,005070,005070,487
BOFFALORA D'ADDA,LO,098003,098003,486
LICENZA,RM,058051,058051,485
RONZONE,TN,022159,022159,484
ORSARA BORMIDA,AL,006119,006119,484
OVINDOLI,AQ,066065,066065,484
FOSCIANDORA,LU,046014,046014,483
BONEMERSE,CR,019006,019006,482
AURANO,VB,103005,103005,482
CERVENO,BS,017049,017049,482
GERRE DE' CAPRIOLI,CR,019048,019048,481
ABBATEGGIO,PE,068001,068001,480
ARDARA,SS,090005,090005,479
SOVIZZO,VI,024128,024128,478
VALLE SALIMBENE,PV,018169,018169,477
GRANTOLA,VA,012081,012081,477
MONTACUTO,AL,006102,006102,477
CASTEL BOGLIONE,AT,005024,005024,476
TROPEA,VV,102044,102044,476
CASTELFIDARDO,AN,042010,042010,475
ROBELLA,AT,005092,005092,475
SAN BIAGIO DELLA CIMA,IM,008053,008053,471
SAN NAZZARO VAL CAVARGNA,CO,013207,013207,471
MUSSO,CO,013160,013160,469
DANTA DI CADORE,BL,025017,025017,467
GARBAGNA NOVARESE,NO,003069,003069,465
PAVAROLO,TO,001180,001180,464
ROCCAFIORITA,ME,083071,083071,464
VALTORTA,BG,016229,016229,462
PESCATE,LC,097068,097068,461
PROSERPIO,CO,013192,013192,461
BROZOLO,TO,001037,001037,459
STROZZA,BG,016208,016208,459
VILLANOVA CANAVESE,TO,001301,001301,459
POGNANA LARIO,CO,013186,013186,458
PIOBESI D'ALBA,CN,004168,004168,457
BIENO,TN,022015,022015,457
TOSSICIA,TE,067045,067045,456
ALBINEA,RE,035001,035001,455
SAN BIASE,CB,070063,070063,455
LEQUIO TANARO,CN,004107,004107,454
MUROS,SS,090043,090043,453
CEREA,VR,023025,023025,453
FORTUNAGO,PV,018064,018064,452
VIRLE PIEMONTE,TO,001310,001310,452
ALTAVILLA MONFERRATO,AL,006007,006007,450
ANDRATE,TO,001010,001010,450
CORTE PALASIO,LO,098024,098024,450
USSEAUX,TO,001281,001281,448
RAGUSA,RG,088009,088009,447
CAPPELLA CANTONE,CR,019013,019013,446
PRATELLA,CE,061064,061064,445
SEMESTENE,SS,090066,090066,444
CAMANDONA,BI,096009,096009,444
AVELENGO,BZ,021005,021005,443
ISOLA DEL GRAN SASSO D'ITALIA,TE,067026,067026,441
BASTIA MONDOVÌ,CN,004014,004014,441
ESINO LARIO,LC,097035,097035,440
CROTTA D'ADDA,CR,019038,019038,439
MONTEFORTE CILENTO,SA,065074,065074,439
ORINO,VA,012110,012110,439
SANT'EUSANIO FORCONESE,AQ,066090,066090,438
COLLE SANTA LUCIA,BL,025014,025014,438
ZOVENCEDO,VI,024121,024121,436
CASTELLETTO UZZONE,CN,004050,004050,435
BORRIANA,BI,096006,096006,434
VESPOLATE,NO,003158,003158,434
CANTARANA,AT,005018,005018,433
AICURZIO,MB,108002,108002,433
CERCINO,SO,014017,014017,432
SENALE-SAN FELICE,BZ,021118,021118,431
GARGAZZONE,BZ,021035,021035,431
GORRETO,GE,010026,010026,430
SENALES,BZ,021091,021091,429
TIRES,BZ,021100,021100,429
AZZANELLO,CR,019004,019004,428
CURCURIS,OR,095077,095077,428
VIGANO SAN MARTINO,BG,016236,016236,427
CAMPIONE D'ITALIA,CO,013040,013040,427
LUSON,BZ,021044,021044,425
GARZIGLIANA,TO,001111,001111,423
VILLANOVA SOLARO,CN,004246,004246,421
TORNO,CO,013223,013223,421
TUBRE,BZ,021103,021103,420
GRIANTE,CO,013113,013113,420
CONCAMARISE,VR,023029,023029,420
SALVITELLE,SA,065117,065117,418
MUZZANO,BI,096038,096038,414
MONTECHIARO D'ACQUI,AL,006106,006106,413
TARTANO,SO,014064,014064,412
VERRONE,BI,096076,096076,411
CARGEGHE,SS,090022,090022,411
BAROLO,CN,004013,004013,411
MONGUZZO,CO,013153,013153,410
BRUNELLO,VA,012023,012023,406
LOCATELLO,BG,016127,016127,406
MONTEBELLO SUL SANGRO,CH,069009,069009,406
MARTINIANA PO,CN,004121,004121,406
PRAROLO,VC,002104,002104,406
ASIGLIANO VENETO,VI,024010,024010,404
BORGORATTO MORMOROLO,PV,018017,018017,403
SONICO,BS,017181,017181,403
STREGNA,UD,030111,030111,403
MURA,BS,017115,017115,401
PUSIANO,CO,013193,013193,399
BRIONA,NO,003027,003027,399
SANTA BRIGIDA,BG,016191,016191,398
NIBBIOLA,NO,003104,003104,398
CERMES,BZ,021020,021020,397
SIAPICCIA,OR,095076,095076,396
FONTENO,BG,016102,016102,396
CAPORCIANO,AQ,066022,066022,396
MARCEDUSA,CZ,079071,079071,396
PIETRAFERRAZZANA,CH,069103,069103,396
BISEGNA,AQ,066011,066011,395
BRACCA,BG,016035,016035,395
VILLAROMAGNANO,AL,006186,006186,393
VILLA VERDE,OR,095073,095073,393
ROVASENDA,VC,002122,002122,392
OTTIGLIO,AL,006120,006120,392
RIFIANO,BZ,021073,021073,391
GINESTRA DEGLI SCHIAVONI,BN,062036,062036,391
RANCIO VALCUVIA,VA,012115,012115,390
TREVIOLO,BG,016220,016220,390
MOSO IN PASSIRIA,BZ,021054,021054,389
ISOLABONA,IM,008032,008032,388
BELVEGLIO,AT,005008,005008,388
MONTECASTELLO,AL,006105,006105,387
FÉNIS,AO,007027,007027,387
ERVE,LC,097034,097034,387
BLEVIO,CO,013026,013026,386
PAGNO,CN,004158,004158,386
AZZIO,VA,012007,012007,385
RIVARONE,AL,006145,006145,384
SCALDASOLE,PV,018147,018147,384
TIANA,NU,091091,091091,382
LODINE,NU,091104,091104,381
MORIONDO TORINESE,TO,001163,001163,381
PRASCO,AL,006139,006139,378
RIMELLA,VC,002113,002113,377
GRIMACCO,UD,030045,030045,377
ABETONE CUTIGLIANO,PT,047023,047023,376
ALLAI,OR,095005,095005,376
FRONTINO,PU,041017,041017,376
CAVATORE,AL,006055,006055,375
BIOGLIO,BI,096005,096005,375
CREMENAGA,VA,012056,012056,374
CERIGNALE,PC,033015,033015,373
PETRURO IRPINO,AV,064071,064071,371
REA,PV,018119,018119,370
CAPOVALLE,BS,017036,017036,370
MANTELLO,SO,014039,014039,369
ROCCAGIOVINE,RM,058087,058087,369
CANDIDONI,RC,080019,080019,369
BAIRO,TO,001015,001015,368
TORRE D'ARESE,PV,018157,018157,368
CASTELSPINA,AL,006054,006054,365
RODELLO,CN,004196,004196,364
CASTELLO CABIAGLIO,VA,012043,012043,362
FAVALE DI MALVARO,GE,010023,010023,361
BALDISSERO CANAVESE,TO,001017,001017,361
AURIGO,IM,008005,008005,361
GLORENZA,BZ,021036,021036,358
PIARIO,BG,016163,016163,358
NORAGUGUME,NU,091050,091050,357
MONTALDO TORINESE,TO,001158,001158,356
DORIO,LC,097032,097032,356
TORRE BORMIDA,CN,004226,004226,355
CIVIASCO,VC,002043,002043,354
STAZZONA,CO,013218,013218,354
CASCIA,PG,054007,054007,353
VERANO,BZ,021112,021112,352
CELLA MONTE,AL,006056,006056,352
MONTEZEMOLO,CN,004141,004141,351
ANDRIANO,BZ,021002,021002,347
BARBONA,PD,028010,028010,346
CAVARGNA,CO,013062,013062,344
MONCHIERO,CN,004129,004129,343
MARTELLO,BZ,021049,021049,341
VALGOGLIO,BG,016225,016225,341
SERRAMEZZANA,SA,065139,065139,340
ANTERIVO,BZ,021003,021003,339
SAN CIPRIANO PO,PV,018133,018133,339
ALBUGNANO,AT,005002,005002,339
LOVERO,SO,014038,014038,336
OLMO AL BREMBO,BG,016145,016145,336
TORNATA,CR,019106,019106,335
PALADINA,BG,016155,016155,334
SAUZE DI CESANA,TO,001258,001258,333
CASTEL ROCCHERO,AT,005032,005032,333
POMARO MONFERRATO,AL,006131,006131,331
PREONE,UD,030084,030084,327
COLONNO,CO,013074,013074,326
RIPALTA ARPINA,CR,019080,019080,325
GHILARZA,OR,095021,095021,325
GIAROLE,AL,006082,006082,323
SAGAMA,OR,095086,095086,323
CANNETO SULL'OGLIO,MN,020008,020008,319
MARCETELLI,RI,057036,057036,317
LEVICE,CN,004109,004109,317
BERZANO DI SAN PIETRO,AT,005009,005009,316
CECIMA,PV,018042,018042,315
MONTEMITRO,CB,070045,070045,313
VAL LIONA,VI,024123,024123,313
OLTRESSENDA ALTA,BG,016147,016147,311
FUIPIANO VALLE IMAGNA,BG,016106,016106,311
CASTIONE ANDEVENNO,SO,014015,014015,309
ANDALO VALTELLINO,SO,014003,014003,309
CASTELLINO TANARO,CN,004052,004052,307
SINIO,CN,004220,004220,307
SESTO FIORENTINO,FI,048043,048043,305
DAMBEL,TN,022071,022071,303
ISOLA DI FONDRA,BG,016121,016121,301
VERNOLE,LE,075093,075093,300
TINNURA,OR,095088,095088,300
CERRETTO LANGHE,CN,004063,004063,299
CASTELPIZZUTO,IS,094011,094011,298
FORTEZZA,BZ,021032,021032,298
ROCCAROMANA,CE,061071,061071,297
GOLFERENZO,PV,018074,018074,297
MONTESEGALE,PV,018098,018098,296
FUSINE,SO,014030,014030,295
TADASUNI,OR,095064,095064,295
BELLINO,CN,004017,004017,294
SALERANO CANAVESE,TO,001233,001233,293
PAGNONA,LC,097063,097063,292
PONNA,CO,013187,013187,291
CAVERNAGO,BG,016066,016066,290
BENE LARIO,CO,013021,013021,289
ACQUAVIVA D'ISERNIA,IS,094001,094001,287
MONTESCANO,PV,018097,018097,287
PISOGNE,BS,017143,017143,286
PIATTO,BI,096043,096043,286
ARGENTERA,CN,004006,004006,285
PREZZA,AQ,066076,066076,283
BRUMANO,BG,016041,016041,282
LEQUIO BERRIA,CN,004106,004106,280
CINO,SO,014021,014021,279
INTRAGNA,VB,103037,103037,279
MAGLIANO IN TOSCANA,GR,053013,053013,278
TERDOBBIATE,NO,003144,003144,278
FONTECCHIO,AQ,066043,066043,278
MONTELEONE DI FERMO,FM,109019,109019,277
CHIESINA UZZANESE,PT,047022,047022,275
VIALE,AT,005114,005114,274
SFRUZ,TN,022173,022173,273
BRONDELLO,CN,004032,004032,272
CELLE ENOMONDO,AT,005034,005034,267
RIVE,VC,002115,002115,266
MARETTO,AT,005062,005062,265
BENEVELLO,CN,004020,004020,265
PREDOI,BZ,021068,021068,264
BARD,AO,007009,007009,262
DERNICE,AL,006066,006066,262
GAMBASCA,CN,004094,004094,260
CONFIGNI,RI,057024,057024,260
VALDERICE,TP,081022,081022,259
SPRIANA,SO,014062,014062,258
SASSINORO,BN,062072,062072,257
PANCARANA,PV,018108,018108,256
CAPREZZO,VB,103018,103018,255
ISSO,BG,016122,016122,253
ROCCA SUSELLA,PV,018126,018126,253
PUEGNAGO DEL GARDA,BS,017158,017158,252
VEDESETA,BG,016230,016230,250
GREGGIO,VC,002065,002065,249
ROCCHETTA NERVINA,IM,008051,008051,248
POMPU,OR,095042,095042,248
CARTIGNANO,CN,004044,004044,247
TUFARA,CB,070082,070082,243
GORIANO SICOLI,AQ,066047,066047,243
ROATTO,AT,005091,005091,242
MANTOVA,MN,020030,020030,240
LECCE NEI MARSI,AQ,066050,066050,239
TERTENIA,NU,091089,091089,239
VOLTIDO,CR,019115,019115,237
SIRIS,OR,095061,095061,236
CLAVIERE,TO,001087,001087,235
CERNUSCO SUL NAVIGLIO,MI,015070,015070,234
AFFILE,RM,058001,058001,233
CORTANDONE,AT,005045,005045,232
PEDAVENA,BL,025036,025036,232
PECETTO DI VALENZA,AL,006128,006128,231
POVE DEL GRAPPA,VI,024081,024081,230
MOMPANTERO,TO,001154,001154,229
LOREGLIA,VB,103038,103038,229
CAVAGLIETTO,NO,003044,003044,229
BOSIA,CN,004026,004026,228
LOREGGIA,PD,028046,028046,228
GERMAGNO,VB,103032,103032,226
SAN CESARIO DI LECCE,LE,075068,075068,226
ALBAGIARA,OR,095003,095003,224
ALBANO VERCELLESE,VC,002003,002003,222
BEMA,SO,014006,014006,221
CUMIGNANO SUL NAVIGLIO,CR,019039,019039,219
CRACO,MT,077007,077007,217
SANT'ANGELO ALL'ESCA,AV,064090,064090,217
RIPALTA CREMASCA,CR,019081,019081,213
PINO D'ASTI,AT,005085,005085,212
CASTELLERO,AT,005026,005026,212
CASTELFRANCO VENETO,TV,026012,026012,211
MONTE CAVALLO,MC,043027,043027,210
PROVVIDENTI,CB,070056,070056,210
CESANO MADERNO,MB,108019,108019,209
SAMBUCO,CN,004204,004204,208
CASASCO,AL,006041,006041,208
CAPRIGLIO,AT,005019,005019,206
VESSALICO,IM,008066,008066,205
QUINTO VICENTINO,VI,024083,024083,203
ISASCA,CN,004103,004103,203
CIVITELLA ALFEDENA,AQ,066035,066035,202
LUSERNA,TN,022109,022109,201
MONTALTO DI CASTRO,VT,056035,056035,200
PLAUS,BZ,021064,021064,200
FALCONARA MARITTIMA,AN,042018,042018,199
GALLIAVOLA,PV,018066,018066,198
SALERNO,SA,065116,065116,198
VALEGGIO,PV,018167,018167,196
TAIPANA,UD,030113,030113,196
SORSO,SS,090069,090069,193
MASSIMINO,SV,009037,009037,192
VALLEVE,BG,016226,016226,191
CALVIGNANO,PV,018025,018025,188
COSTA VALLE IMAGNA,BG,016085,016085,188
BORONEDDU,OR,095016,095016,188
DENICE,AL,006065,006065,187
ARAMENGO,AT,005004,005004,187
ABBADIA CERRETO,LO,098001,098001,185
VAL REZZO,CO,013233,013233,185
PERLO,CN,004162,004162,185
OLIVA GESSI,PV,018105,018105,181
CASTEL CONDINO,TN,022045,022045,180
MERANA,AL,006093,006093,180
CEDRASCO,SO,014016,014016,178
VALLANZENGO,BI,096072,096072,177
ORNICA,BG,016151,016151,176
PIAZZOLO,BG,016166,016166,176
BARADILI,OR,095010,095010,171
MORNAGO,VA,012106,012106,168
VALNEGRA,BG,016227,016227,166
BORGO VIRGILIO,MN,020071,020071,165
SANTO STEFANO BELBO,CN,004213,004213,164
MONASTEROLO CASOTTO,CN,004127,004127,164
MEZZOLDO,BG,016134,016134,163
BELVEDERE LANGHE,CN,004018,004018,162
MALVICINO,AL,006090,006090,162
BONVICINO,CN,004023,004023,159
RIPA TEATINA,CH,069072,069072,158
SOGLIO,AT,005107,005107,158
ARGUELLO,CN,004007,004007,157
BRAONE,BS,017027,017027,156
MORTARA,PV,018102,018102,155
ALBARETTO DELLA TORRE,CN,004004,004004,155
OLDENICO,VC,002089,002089,153
MONTELEONE SABINO,RI,057041,057041,149
ATRANI,SA,065011,065011,147
ELLO,LC,097033,097033,146
SALASCO,VC,002126,002126,143
RIVE D'ARCANO,UD,030095,030095,142
INDUNO OLONA,VA,012083,012083,142
CASELLE LURANI,LO,098012,098012,141
CONZANO,AL,006061,006061,139
MASSIMENO,TN,022112,022112,139
GONI,SU,111029,111029,136
PATTI,ME,083066,083066,131
ROCCHETTA TANARO,AT,005096,005096,131
PALMI,RC,080057,080057,129
MONTICELLO BRIANZA,LC,097054,097054,129
MEDOLAGO,BG,016250,016250,127
VIGNOLO,CN,004243,004243,126
ROVELLASCA,CO,013201,013201,126
CARBONATE,CO,013045,013045,125
CORNOVECCHIO,LO,098023,098023,125
VERNIO,PO,100007,100007,124
SAN CESAREO,RM,058119,058119,118
BORRELLO,CH,069007,069007,118
DUEVILLE,VI,024038,024038,116
BARREA,AQ,066010,066010,115
TERRAVECCHIA,CS,078147,078147,115
CASSIGLIO,BG,016061,016061,115
GAIARINE,TV,026031,026031,106
CERESARA,MN,020019,020019,106
MARATEA,PZ,076044,076044,105
LANCIANO,CH,069046,069046,104
GOSALDO,BL,025025,025025,103
PORTO SAN GIORGIO,FM,109033,109033,103
CASALETTO VAPRIO,CR,019020,019020,101
NOVELLO,CN,004152,004152,99
SALI VERCELLESE,VC,002127,002127,99
CASOREZZO,MI,015058,015058,99
CAINES,BZ,021014,021014,99
MORBELLO,AL,006110,006110,99
CASALZUIGNO,VA,012037,012037,98
CARAVATE,VA,012031,012031,98
PETTINENGO,BI,096042,096042,94
CAPOLIVERI,LI,049004,049004,94
GORLAGO,BG,016114,016114,91
MONTE SAN GIUSTO,MC,043031,043031,91
PALMIANO,AP,044056,044056,91
CISON DI VALMARINO,TV,026018,026018,90
ENEGO,VI,024039,024039,87
CASALBORGONE,TO,001060,001060,86
DOSSO DEL LIRO,CO,013092,013092,85
BENNA,BI,096003,096003,85
FORCOLA,SO,014029,014029,84
CASALBUTTANO ED UNITI,CR,019016,019016,84
ROASCIO,CN,004184,004184,81
VILLA BISCOSSI,PV,018178,018178,81
ALES,OR,095004,095004,81
VENIANO,CO,013238,013238,79
CRESPADORO,VI,024037,024037,78
BELLANO,LC,097008,097008,77
ERBA,CO,013095,013095,76
BARI,BA,072006,072006,75
MASSAFRA,TA,073015,073015,75
TESTICO,SV,009060,009060,74
MORENGO,BG,016140,016140,72
PADERNA,AL,006124,006124,70
CANTÙ,CO,013041,013041,68
BONATE SOTTO,BG,016031,016031,67
RUTIGLIANO,BA,072037,072037,67
FAVRIA,TO,001101,001101,66
ROMETTA,ME,083076,083076,65
ATRIPALDA,AV,064006,064006,65
IRMA,BS,017084,017084,65
COMMESSAGGIO,MN,020020,020020,64
SAN MARTINO ALFIERI,AT,005099,005099,63
AMELIA,TR,055004,055004,62
ONANO,VT,056040,056040,62
SODDÌ,OR,095078,095078,61
GIVOLETTO,TO,001116,001116,59
PATERNOPOLI,AV,064070,064070,59
VAIE,TO,001283,001283,59
CALCERANICA AL LAGO,TN,022032,022032,58
PADERNO DUGNANO,MI,015166,015166,57
MACCASTORNA,LO,098033,098033,55
MONTANERA,CN,004136,004136,55
CANCELLO ED ARNONE,CE,061012,061012,54
SANTA MARGHERITA DI BELICE,AG,084038,084038,51
TREZZANO ROSA,MI,015219,015219,50
CORLETO MONFORTE,SA,065048,065048,50
SANTA CROCE DEL SANNIO,BN,062069,062069,49
COLLI DEL TRONTO,AP,044014,044014,49
LOCOROTONDO,BA,072025,072025,49
VILLE D'ANAUNIA,TN,022249,022249,48
URI,SS,090076,090076,46
TAMBRE,BL,025060,025060,45
TROIA,FG,071058,071058,45
MEINA,NO,003095,003095,44
BAGNARA CALABRA,RC,080007,080007,44
PONTE NELLE ALPI,BL,025040,025040,44
CALLIANO MONFERRATO,AT,005014,005014,43
MONALE,AT,005067,005067,43
MONTIGLIO MONFERRATO,AT,005121,005121,41
AVERARA,BG,016014,016014,40
ROVOLON,PD,028071,028071,40
SAREGO,VI,024098,024098,40
DOMICELLA,AV,064031,064031,39
MEZZOMERICO,NO,003097,003097,39
BRUINO,TO,001038,001038,38
PORTOBUFFOLÈ,TV,026060,026060,37
CERVARO,FR,060026,060026,36
LAGNASCO,CN,004104,004104,36
SAN POLO DI PIAVE,TV,026074,026074,35
SANTA MARIA MAGGIORE,VB,103062,103062,35
TORNACO,NO,003146,003146,34
ELINI,NU,091019,091019,34
PORLEZZA,CO,013189,013189,34
VILMINORE DI SCALVE,BG,016243,016243,33
CINIGIANO,GR,053007,053007,32
FANANO,MO,036011,036011,32
VAUDA CANAVESE,TO,001290,001290,31
SIURGUS DONIGALA,SU,111086,111086,30
PRATOLA PELIGNA,AQ,066075,066075,30
LESA,NO,003084,003084,30
PREDAPPIO,FC,040032,040032,30
FRAGAGNANO,TA,073006,073006,30
LAVENO-MOMBELLO,VA,012087,012087,29
MONTESILVANO,PE,068024,068024,28
PONTE,BN,062053,062053,28
PODENZANA,MS,045013,045013,28
TORTONA,AL,006174,006174,28
CROGNALETO,TE,067023,067023,28
SCARLINO,GR,053024,053024,26
BOLLATE,MI,015027,015027,26
FENEGRÒ,CO,013100,013100,25
DRONERO,CN,004082,004082,25
REDONDESCO,MN,020048,020048,25
VAL DELLA TORRE,TO,001284,001284,25
REVINE LAGO,TV,026067,026067,24
PIENZA,SI,052021,052021,24
CAMPOTOSTO,AQ,066016,066016,24
ROCCA DE' BALDI,CN,004189,004189,24
CASSANO MAGNAGO,VA,012040,012040,24
RAPOLLA,PZ,076064,076064,23
BORMIO,SO,014009,014009,23
MONTE RINALDO,FM,109021,109021,23
CUVEGLIO,VA,012062,012062,22
CAPRAIA ISOLA,LI,049005,049005,22
FRUGAROLO,AL,006075,006075,22
MONTE ROMANO,VT,056037,056037,22
QUATTORDIO,AL,006142,006142,22
LORANZÈ,TO,001137,001137,22
CLIVIO,VA,012052,012052,22
MARCARIA,MN,020031,020031,21
SANSEPOLCRO,AR,051034,051034,21
FAGNANO CASTELLO,CS,078051,078051,21
LONGONE AL SEGRINO,CO,013134,013134,21
NOVI VELIA,SA,065080,065080,21
PETRONÀ,CZ,079095,079095,21
TAVERNOLE SUL MELLA,BS,017183,017183,21
CASTIGLIONE D'ORCIA,SI,052007,052007,21
ROPPOLO,BI,096054,096054,20
PIEVE PORTO MORONE,PV,018114,018114,20
TROFARELLO,TO,001280,001280,20
CAORLE,VE,027005,027005,19
SAN LEO,RN,099025,099025,19
TESSENNANO,VT,056051,056051,19
MASI TORELLO,FE,038012,038012,19
DRAGONI,CE,061033,061033,18
BRESSANVIDO,VI,024016,024016,18
GROTTOLELLA,AV,064039,064039,18
TORRE D'ISOLA,PV,018159,018159,17
CASTEL MELLA,BS,017042,017042,17
ROBASSOMERO,TO,001220,001220,16
MAGNANO,BI,096030,096030,16
CIMBERGO,BS,017054,017054,16
STORO,TN,022183,022183,16
CANALE D'AGORDO,BL,025023,025023,16
PRATO,PO,100005,100005,16
FAGNANO ALTO,AQ,066042,066042,15
CASTELLUCCIO VALMAGGIORE,FG,071016,071016,15
SAVOGNA D'ISONZO-SOVODNJE OB SOČI,GO,031022,031022,15
LA SALLE,AO,007040,007040,15
TERRASINI,PA,082071,082071,15
CALALZO DI CADORE,BL,025008,025008,15
RIVA LIGURE,IM,008050,008050,15
VILLAPUTZU,SU,111103,111103,15
SANTA TERESA DI RIVA,ME,083089,083089,15
BRITTOLI,PE,068004,068004,15
CELLATICA,BS,017048,017048,14
POGGIO IMPERIALE,FG,071040,071040,14
STEZZANO,BG,016207,016207,14
GERENZANO,VA,012075,012075,14
STRAMBINELLO,TO,001268,001268,14
RONCO BIELLESE,BI,096053,096053,14
SINDIA,NU,091084,091084,14
SESSA CILENTO,SA,065141,065141,13
RODDI,CN,004194,004194,13
TAVAZZANO CON VILLAVESCO,LO,098056,098056,13
MESENZANA,VA,012102,012102,13
MEDEA,GO,031011,031011,12
LUCIGNANO,AR,051021,051021,12
VARISELLA,TO,001289,001289,12
LERMA,AL,006088,006088,12
FOLLONICA,GR,053009,053009,12
BRUGINE,PD,028015,028015,12
DOLZAGO,LC,097031,097031,11
CAPISTRELLO,AQ,066020,066020,11
COSSANO CANAVESE,TO,001095,001095,11
ORRIA,SA,065085,065085,11
LIMATOLA,BN,062038,062038,11
POMBIA,NO,003121,003121,11
GARLATE,LC,097038,097038,10
SAN CLEMENTE,RN,099016,099016,10
NERETO,TE,067031,067031,10
ANZANO DEL PARCO,CO,013009,013009,9
OSIMO,AN,042034,042034,9
VALFORNACE,MC,043058,043058,9
FONTE NUOVA,RM,058122,058122,9
BARUMINI,SU,111005,111005,9
SESTOLA,MO,036043,036043,9
CASTENEDOLO,BS,017043,017043,9
CASTELLALTO,TE,067011,067011,9
MALNATE,VA,012096,012096,9
CASTELVECCHIO DI ROCCA BARBENA,SV,009021,009021,8
TAVAGNASCO,TO,001271,001271,8
MONTE PORZIO CATONE,RM,058064,058064,8
MONSUMMANO TERME,PT,047009,047009,8
CASTELVECCANA,VA,012045,012045,8
PIANA CRIXIA,SV,009048,009048,8
SAN BENEDETTO IN PERILLIS,AQ,066086,066086,8
PONTE NOSSA,BG,016168,016168,8
CASALVECCHIO SICULO,ME,083012,083012,8
SANTU LUSSURGIU,OR,095049,095049,8
ALFANO,SA,065004,065004,8
VALGIOIE,TO,001285,001285,8
DELLO,BS,017066,017066,8
VERNANTE,CN,004239,004239,8
SAN BUONO,CH,069079,069079,8
PIAN CAMUNO,BS,017142,017142,8
CHIURO,SO,014020,014020,8
LENTELLA,CH,069047,069047,8
CHIAVERANO,TO,001077,001077,8
RAPOLANO TERME,SI,052026,052026,7
CASALE LITTA,VA,012036,012036,7
LURAGO MARINONE,CO,013137,013137,7
ASCOLI SATRIANO,FG,071005,071005,7
ROSSANA,CN,004197,004197,7
VILLA SAN GIOVANNI,RC,080096,080096,7
COLLEBEATO,BS,017057,017057,7
COGOLETO,GE,010017,010017,7
OZEGNA,TO,001176,001176,7
SANT'EUSANIO DEL SANGRO,CH,069085,069085,7
CARAMAGNA PIEMONTE,CN,004041,004041,7
CARAPELLE CALVISIO,AQ,066024,066024,7
PIEA,AT,005084,005084,7
MAGENTA,MI,015130,015130,7
CAMPO SAN MARTINO,PD,028020,028020,7
BESANO,VA,012011,012011,7
PESCHE,IS,094031,094031,7
FROSSASCO,TO,001110,001110,7
NISCEMI,CL,085013,085013,7
PENNA SANT'ANDREA,TE,067033,067033,7
QUILIANO,SV,009052,009052,6
BRUGHERIO,MB,108012,108012,6
FORZA D'AGRÒ,ME,083024,083024,6
VAREDO,MB,108045,108045,6
FONTANIVA,PD,028038,028038,6
PERLETTO,CN,004161,004161,6
BELGIRATE,VB,103010,103010,6
TRAVESIO,PN,093047,093047,6
VISANO,BS,017203,017203,6
FIUMINATA,MC,043019,043019,6
PAOLA,CS,078091,078091,6
BARASSO,VA,012008,012008,6
BORGO PRIOLO,PV,018016,018016,6
TARZO,TV,026084,026084,6
CANCELLARA,PZ,076018,076018,6
BATTIPAGLIA,SA,065014,065014,6
SAN GIUSTO CANAVESE,TO,001246,001246,6
CASTEL DEL MONTE,AQ,066026,066026,6
MONTEROSSO ALMO,RG,088007,088007,6
FRASSINETTO,TO,001108,001108,6
CERIGNOLA,FG,071020,071020,6
DOSOLO,MN,020022,020022,6
LOCATE DI TRIULZI,MI,015125,015125,6
MOMBARUZZO,AT,005065,005065,6
CASTELLINALDO D'ALBA,CN,004051,004051,6
BAREGGIO,MI,015012,015012,5
PORTE,TO,001200,001200,5
SIAMANNA,OR,095057,095057,5
CASOLE D'ELSA,SI,052004,052004,5
ACERNO,SA,065001,065001,5
VIGGIÙ,VA,012139,012139,5
CHAMPDEPRAZ,AO,007017,007017,5
FOSSATO SERRALTA,CZ,079052,079052,5
ANDALI,CZ,079005,079005,5
APICE,BN,062003,062003,5
VALDILANA,BI,096088,096088,5
MONTE ARGENTARIO,GR,053016,053016,5
TARANTO,TA,073027,073027,5
BUJA,UD,030013,030013,5
PORCIA,PN,093032,093032,5
ARZANA,NU,091002,091002,5
CRESSA,NO,003055,003055,5
GISSI,CH,069041,069041,5
CENTALLO,CN,004061,004061,5
PRETORO,CH,069069,069069,5
VILLA DEL BOSCO,BI,096078,096078,5
MASCALUCIA,CT,087024,087024,5
ALBI,CZ,079002,079002,5
ARIGNANO,TO,001012,001012,5
BERGAMO,BG,016024,016024,5
TERRE ROVERESCHE,PU,041070,041070,4
VIMERCATE,MB,108050,108050,4
GRAVEDONA ED UNITI,CO,013249,013249,4
BOMBA,CH,069006,069006,4
MONTE SAN BIAGIO,LT,059015,059015,4
CARPIANO,MI,015050,015050,4
ZUMPANO,CS,078155,078155,4
SAN GIOVANNI LUPATOTO,VR,023071,023071,4
FRESAGRANDINARIA,CH,069036,069036,4
VIETRI DI POTENZA,PZ,076096,076096,4
STENICO,TN,022182,022182,4
CASTELVECCHIO CALVISIO,AQ,066030,066030,4
CESIOMAGGIORE,BL,025011,025011,4
ROCCA PIA,AQ,066083,066083,4
NOTO,SR,089013,089013,4
BELLAGIO,CO,013250,013250,4
MOMBASIGLIO,CN,004125,004125,4
SORBO SAN BASILE,CZ,079134,079134,4
CESATE,MI,015076,015076,4
MONTOTTONE,FM,109027,109027,3
CAVENAGO D'ADDA,LO,098017,098017,3
GUAZZORA,AL,006086,006086,3
SANDIGLIANO,BI,096059,096059,3
FARA SAN MARTINO,CH,069031,069031,3
CROCETTA DEL MONTELLO,TV,026025,026025,3
TIGLIOLE,AT,005108,005108,3
MESOLA,FE,038014,038014,3
CIVIDALE DEL FRIULI,UD,030026,030026,3
MULAZZO,MS,045012,045012,3
ACQUAVIVA PICENA,AP,044002,044002,3
GUSSAGO,BS,017081,017081,3
SAN VITO CHIETINO,CH,069086,069086,3
GORDONA,SO,014032,014032,3
CANOSA SANNITA,CH,069010,069010,3
SCANNO,AQ,066093,066093,3
SIROLO,AN,042048,042048,3
ROCCA DI BOTTE,AQ,066080,066080,3
BRUSSON,AO,007012,007012,3
CANSANO,AQ,066018,066018,3
RESCALDINA,MI,015181,015181,3
TEGLIO VENETO,VE,027040,027040,3
TORRICELLA PELIGNA,CH,069095,069095,3
NOVIGLIO,MI,015158,015158,3
SUNO,NO,003143,003143,3
DECIMOMANNU,CA,092015,092015,3
TIONE DEGLI ABRUZZI,AQ,066100,066100,3
SAN MAURIZIO D'OPAGLIO,NO,003133,003133,3
CARUNCHIO,CH,069012,069012,3
CANISTRO,AQ,066017,066017,3
TURRIACO,GO,031024,031024,3
BEINASCO,TO,001024,001024,3
MACUGNAGA,VB,103039,103039,3
GIOVO,TN,022092,022092,3
SAN PIETRO VAL LEMINA,TO,001250,001250,3
CASTEL FRENTANO,CH,069018,069018,2
BELLOSGUARDO,SA,065015,065015,2
ORTONA,CH,069058,069058,2
FILADELFIA,VV,102011,102011,2
FINO MORNASCO,CO,013102,013102,2
SANNICANDRO DI BARI,BA,072040,072040,2
AYMAVILLES,AO,007008,007008,2
ROCCAVIONE,CN,004192,004192,2
PONTOGLIO,BS,017150,017150,2
SINI,OR,095060,095060,2
ALEZIO,LE,075003,075003,2
BALVANO,PZ,076008,076008,2
CASORATE PRIMO,PV,018034,018034,2
PORTO TOLLE,RO,029039,029039,2
CORI,LT,059006,059006,2
CASTELVETRO PIACENTINO,PC,033014,033014,2
SIRONE,LC,097075,097075,2
BROGLIANO,VI,024017,024017,2
PONTECORVO,FR,060056,060056,2
MONTEFERRANTE,CH,069052,069052,2
PRATA D'ANSIDONIA,AQ,066074,066074,2
OTRICOLI,TR,055024,055024,2
NURRI,SU,111048,111048,2
LIZZANO,TA,073011,073011,2
CELLINO ATTANASIO,TE,067015,067015,2
VILLANOVA MONFERRATO,AL,006185,006185,2
SANTO STEFANO QUISQUINA,AG,084040,084040,2
BOSARO,RO,029007,029007,2
BARETE,AQ,066008,066008,2
FARA FILIORUM PETRI,CH,069030,069030,2
CASTIONS DI STRADA,UD,030020,030020,2
DOSSENA,BG,016092,016092,2
FOIANO DELLA CHIANA,AR,051018,051018,2
LUOGOSANO,AV,064045,064045,2
GUALDO,MC,043021,043021,2
CALVIGNASCO,MI,015042,015042,2
TREVIGNANO ROMANO,RM,058107,058107,2
FONTANAFREDDA,PN,093022,093022,2
BRUSNENGO,BI,096007,096007,2
BAGNARIA ARSA,UD,030008,030008,2
LACCHIARELLA,MI,015115,015115,2
PREMENO,VB,103055,103055,2
VILLAPERUCCIO,SU,111102,111102,2
RONDANINA,GE,010050,010050,2
CHÂTILLON,AO,007020,007020,2
CUPELLO,CH,069028,069028,2
PIEVE SANTO STEFANO,AR,051030,051030,2
CASAPROTA,RI,057011,057011,2
MERGO,AN,042024,042024,2
TOLLEGNO,BI,096068,096068,2
CLAUT,PN,093015,093015,2
ORIO CANAVESE,TO,001172,001172,2
VILLA D'ADDA,BG,016238,016238,1
MATTINATA,FG,071031,071031,1
BELLANTE,TE,067006,067006,1
SPERLONGA,LT,059030,059030,1
OPI,AQ,066061,066061,1
GEMONIO,VA,012074,012074,1
AVIATICO,BG,016015,016015,1
MARENO DI PIAVE,TV,026038,026038,1
TAGLIACOZZO,AQ,066099,066099,1
CANISCHIO,TO,001052,001052,1
ROCCASPINALVETI,CH,069076,069076,1
CAPACCIO PAESTUM,SA,065025,065025,1
VIDOR,TV,026090,026090,1
MIGLIANICO,CH,069050,069050,1
QUADRI,CH,069070,069070,1
QUINGENTOLE,MN,020046,020046,1
COLLEGNO,TO,001090,001090,1
MANGONE,CS,078075,078075,1
CASTELSILANO,KR,101005,101005,1
STATTE,TA,073029,073029,1
FERRIERE,PC,033020,033020,1
TELGATE,BG,016212,016212,1
SECINARO,AQ,066097,066097,1
PETRIANO,PU,041045,041045,1
VIVERONE,BI,096080,096080,1
ARZAGO D'ADDA,BG,016013,016013,1
PELAGO,FI,048032,048032,1
SAN GIOVANNI IN GALDO,CB,070066,070066,1
PIORACO,MC,043039,043039,1
PALMAS ARBOREA,OR,095039,095039,1
MONTEGROTTO TERME,PD,028057,028057,1
FRANCAVILLA BISIO,AL,006070,006070,1
CASALETTO DI SOPRA,CR,019019,019019,1
PIZZALE,PV,018116,018116,1
BISENTI,TE,067007,067007,1
ALLUMIERE,RM,058004,058004,1
ROMANENGO,CR,019086,019086,1
MONTEBELLUNA,TV,026046,026046,1
ROSELLO,CH,069078,069078,1
PASTRENGO,VR,023057,023057,1
VELO VERONESE,VR,023090,023090,1
VILLANTERIO,PV,018180,018180,1
AULETTA,SA,065012,065012,1
TORRE SAN PATRIZIO,FM,109040,109040,1
SAN MAURIZIO CANAVESE,TO,001248,001248,1
CORTEMAGGIORE,PC,033018,033018,1
PIUBEGA,MN,020041,020041,1
NOCERA INFERIORE,SA,065078,065078,1
CAGNANO AMITERNO,AQ,066013,066013,1
ROCCA D'EVANDRO,CE,061069,061069,1
PIEVE DI SOLIGO,TV,026057,026057,1
VALGRANA,CN,004234,004234,1
GIOIA TAURO,RC,080038,080038,1
CISANO BERGAMASCO,BG,016074,016074,1
FOSSA,AQ,066044,066044,1
TEGLIO,SO,014065,014065,1
SANT'AGATA DI MILITELLO,ME,083084,083084,1
CARNAGO,VA,012033,012033,1
TARSIA,CS,078145,078145,1
VILLA DI BRIANO,CE,061098,061098,1
SAN PIETRO AL NATISONE,UD,030103,030103,1
BUGUGGIATE,VA,012025,012025,1
VIGEVANO,PV,018177,018177,1
TORRECUSO,BN,062076,062076,1
VEROLAVECCHIA,BS,017196,017196,1
CUSANO MUTRI,BN,062026,062026,1
ADRIA,RO,029001,029001,1
LESEGNO,CN,004108,004108,1
TORRACA,SA,065148,065148,1
AVEZZANO,AQ,066006,066006,1
BASIANO,MI,015014,015014,1
MALO,VI,024055,024055,1
BELMONTE MEZZAGNO,PA,082009,082009,1
PEGLIO,CO,013178,013178,1
BERTINORO,FC,040003,040003,1
TRIBOGNA,GE,010063,010063,1
PEGOGNAGA,MN,020039,020039,1
AQUARA,SA,065008,065008,1
TREZZANO SUL NAVIGLIO,MI,015220,015220,1
MEOLO,VE,027022,027022,1
MONTENERODOMO,CH,069054,069054,1
FALLO,CH,069104,069104,1
PALATA,CB,070050,070050,1
PIEVE VERGONTE,VB,103054,103054,1
RIVERGARO,PC,033038,033038,1
STRONCONE,TR,055031,055031,1
MONTEMALE DI CUNEO,CN,004138,004138,1
MONTICELLI BRUSATI,BS,017112,017112,1
ROTELLO,CB,070061,070061,1
BUDOIA,PN,093008,093008,1
MIAZZINA,VB,103045,103045,1
GIOVE,TR,055014,055014,1
CASALMORO,MN,020010,020010,1
CAVA DE' TIRRENI,SA,065037,065037,1
VILLA SANTA LUCIA DEGLI ABRUZZI,AQ,066104,066104,1
CAPPADOCIA,AQ,066023,066023,1
SANT'ANGELO DI PIOVE DI SACCO,PD,028082,028082,1
LUSTRA,SA,065064,065064,1
LAMEZIA TERME,CZ,079160,079160,1
ARMENO,NO,003006,003006,1
VICO EQUENSE,NA,063086,063086,1
CASTELNUOVO DEL GARDA,VR,023022,023022,1
AURONZO DI CADORE,BL,025005,025005,1
REFRANCORE,AT,005089,005089,1
PELLEGRINO PARMENSE,PR,034028,034028,1
MOTTOLA,TA,073019,073019,1
SAN GREGORIO NELLE ALPI,BL,025045,025045,1
PIZZOLI,AQ,066072,066072,1
VARSI,PR,034046,034046,1
TORREBRUNA,CH,069093,069093,1
BEINETTE,CN,004016,004016,1
TRECASTELLI,AN,042050,042050,1
MONTAQUILA,IS,094028,094028,1
CASINA,RE,035013,035013,1
SANGUINETTO,VR,023072,023072,1
ORERO,GE,010042,010042,1
CONTURSI TERME,SA,065046,065046,1
GUARCINO,FR,060042,060042,1
ISTRANA,TV,026035,026035,1
ZANICA,BG,016245,016245,1
CAVRIANA,MN,020018,020018,1
POGNANO,BG,016167,016167,1
LAPPANO,CS,078065,078065,1
INCISA SCAPACCINO,AT,005058,005058,1
LISCIA,CH,069049,069049,1
MUGGIA,TS,032003,032003,1
BAGNOLO CREMASCO,CR,019005,019005,1
PALAZZUOLO SUL SENIO,FI,048031,048031,1
LUCO DEI MARSI,AQ,066051,066051,1
MONSAMPIETRO MORICO,FM,109012,109012,1
PONTECCHIO POLESINE,RO,029038,029038,1
SCAFATI,SA,065137,065137,1
CUREGGIO,NO,003058,003058,1
MOTTEGGIANA,MN,020037,020037,1
PRIGNANO CILENTO,SA,065103,065103,1
CAMEROTA,SA,065021,065021,1
FIUMICINO,RM,058120,058120,1
CIVITAQUANA,PE,068013,068013,1
ROCCA DI CAMBIO,AQ,066081,066081,1
SAVIORE DELL'ADAMELLO,BS,017175,017175,1
GRAGLIA,BI,096028,096028,1
TRAVO,PC,033043,033043,1
PIANELLA,PE,068030,068030,1
MAZZO DI VALTELLINA,SO,014040,014040,1
ROCCAPIEMONTE,SA,065108,065108,1
FRATTAMAGGIORE,NA,063032,063032,1
BALOCCO,VC,002009,002009,1
PISANO,NO,003119,003119,1
GAVIGNANO,RM,058041,058041,1
CORRIDONIA,MC,043015,043015,1
MONTEVECCHIA,LC,097053,097053,1
SAN GEMINI,TR,055029,055029,1
MAGLIANO ALFIERI,CN,004113,004113,1
ANGROGNA,TO,001011,001011,1
QUATTRO CASTELLA,RE,035030,035030,1
VILLAMARZANA,RO,029049,029049,1
SAN STINO DI LIVENZA,VE,027036,027036,1
COLLE UMBERTO,TV,026020,026020,1
