comune,provincia,CODISTAT,CODICE_ISTAT,civici_georeferenziati
GENOVA,GE,010025,010025,133152
FIRENZE,FI,048017,048017,109071
NAPOLI,NA,063049,063049,80513
RAVENNA,RA,039014,039014,78180
BOLOGNA,BO,037006,037006,77620
MILANO,MI,015146,015146,65855
PERUGIA,PG,054039,054039,61496
PADOVA,PD,028060,028060,60747
MARSALA,TP,081011,081011,60498
DIANO MARINA,IM,008027,008027,57615
FERRARA,FE,038008,038008,57149
FORLÌ,FC,040012,040012,51280
RIMINI,RN,099014,099014,48363
REGGIO NELL'EMILIA,RE,035033,035033,47937
VICENZA,VI,024116,024116,44719
SASSARI,SS,090064,090064,43117
UDINE,UD,030129,030129,42987
CESENA,FC,040007,040007,37642
GROSSETO,GR,053011,053011,36212
PARMA,PR,034027,034027,35739
LECCE,LE,075035,075035,35555
QUARTU SANT'ELENA,CA,092051,092051,35329
MASSA,MS,045010,045010,34920
AREZZO,AR,051002,051002,34127
CORATO,BA,072020,072020,32468
LA SPEZIA,SP,011015,011015,31474
BARCELLONA POZZO DI GOTTO,ME,083005,083005,31182
SAN SEVERO,FG,071051,071051,30721
PIACENZA,PC,033032,033032,29139
ACIREALE,CT,087004,087004,28671
ADRANO,CT,087006,087006,28051
PATERNÒ,CT,087033,087033,27609
ANCONA,AN,042002,042002,27452
CARRARA,MS,045003,045003,27057
CREMONA,CR,019036,019036,26119
TRENTO,TN,022205,022205,26052
PALMA DI MONTECHIARO,AG,084027,084027,25512
NOVARA,NO,003106,003106,25449
TREVISO,TV,026086,026086,25041
ANZIO,RM,058007,058007,24960
PARTINICO,PA,082054,082054,24389
CAPANNORI,LU,046007,046007,24104
COMISO,RG,088003,088003,23849
GUIDONIA MONTECELIO,RM,058047,058047,22274
CASERTA,CE,061022,061022,22233
FANO,PU,041013,041013,22022
LUGO,RA,039012,039012,21909
IMOLA,BO,037032,037032,21705
QUARRATA,PT,047017,047017,21686
SCIACCA,AG,084041,084041,21639
BIANCAVILLA,CT,087008,087008,21560
MANDURIA,TA,073012,073012,21549
BITONTO,BA,072011,072011,21435
CASCINA,PI,050008,050008,20830
PAVIA,PV,018110,018110,20450
CALTAGIRONE,CT,087011,087011,20279
MONOPOLI,BA,072030,072030,20197
FAENZA,RA,039010,039010,19512
SIENA,SI,052032,052032,19477
POMEZIA,RM,058079,058079,19088
MACERATA,MC,043023,043023,18862
CHIOGGIA,VE,027008,027008,18805
SPOLETO,PG,054051,054051,18548
ORISTANO,OR,095038,095038,18524
MESAGNE,BR,074010,074010,18438
JESOLO,VE,027019,027019,18237
ACERRA,NA,063001,063001,18044
SENIGALLIA,AN,042045,042045,17941
MIRANDOLA,MO,036022,036022,17808
MATERA,MT,077014,077014,17706
NUORO,NU,091051,091051,17611
BISCEGLIE,BT,110003,110003,17546
GUBBIO,PG,054024,054024,17439
CALTANISSETTA,CL,085004,085004,17435
SAN DONÀ DI PIAVE,VE,027033,027033,17248
SASSUOLO,MO,036040,036040,17222
MARTINA FRANCA,TA,073013,073013,17208
MONREALE,PA,082049,082049,16982
MISTERBIANCO,CT,087029,087029,16929
VASTO,CH,069099,069099,16846
CROTONE,KR,101010,101010,16756
CAMPOBELLO DI MAZARA,TP,081004,081004,16734
FERMO,FM,109006,109006,16500
ROVIGO,RO,029041,029041,16262
MONTEVARCHI,AR,051026,051026,16236
ALTAMURA,BA,072004,072004,16085
MOLA DI BARI,BA,072028,072028,15924
PORTO SANT'ELPIDIO,FM,109034,109034,15705
MIRA,VE,027023,027023,15618
CAROVIGNO,BR,074002,074002,15552
NOLA,NA,063050,063050,15529
POZZUOLI,NA,063060,063060,15515
CAMPI BISENZIO,FI,048006,048006,15361
BRESCIA,BS,017029,017029,15355
LUCERA,FG,071028,071028,15272
AVELLINO,AV,064008,064008,15062
ROSOLINI,SR,089016,089016,14817
BELLUNO,BL,025006,025006,14709
GIARRE,CT,087017,087017,14523
PORTOGRUARO,VE,027029,027029,14514
MONDRAGONE,CE,061052,061052,14483
BIELLA,BI,096004,096004,14114
CREMA,CR,019035,019035,14113
ASCOLI PICENO,AP,044007,044007,14046
LISSONE,MB,108028,108028,13774
VARESE,VA,012133,012133,13752
SELARGIUS,CA,092068,092068,13751
SAN MINIATO,PI,050032,050032,13668
CINISELLO BALSAMO,MI,015077,015077,13638
ENNA,EN,086009,086009,13480
CONVERSANO,BA,072019,072019,13432
SULMONA,AQ,066098,066098,13311
LADISPOLI,RM,058116,058116,13308
TIVOLI,RM,058104,058104,13277
ALATRI,FR,060003,060003,13258
BELPASSO,CT,087007,087007,13132
RIESI,CL,085015,085015,12770
TRAPANI,TP,081021,081021,12769
RICCIONE,RN,099013,099013,12657
PORDENONE,PN,093033,093033,12657
SESTO SAN GIOVANNI,MI,015209,015209,12487
CENTO,FE,038004,038004,12483
MILAZZO,ME,083049,083049,12464
BAGNACAVALLO,RA,039002,039002,12443
TRIGGIANO,BA,072046,072046,12366
VERCELLI,VC,002158,002158,12294
MATINO,LE,075042,075042,12227
TAURISANO,LE,075084,075084,12054
BOLZANO,BZ,021008,021008,11912
CARMIANO,LE,075014,075014,11824
PRESICCE-ACQUARICA,LE,075098,075098,11822
TAURIANOVA,RC,080093,080093,11806
FRANCOFONTE,SR,089010,089010,11596
SALA CONSILINA,SA,065114,065114,11548
PONTEDERA,PI,050029,050029,11454
CUTRO,KR,101012,101012,11384
RACALE,LE,075063,075063,11370
CASSINO,FR,060019,060019,11282
PACECO,TP,081013,081013,11252
POGGIBONSI,SI,052022,052022,11174
PORTO CESAREO,LE,075097,075097,11132
RUFFANO,LE,075064,075064,11069
VALDAGNO,VI,024111,024111,10940
SAN GENNARO VESUVIANO,NA,063066,063066,10902
CASALE MONFERRATO,AL,006039,006039,10843
AUGUSTA,SR,089001,089001,10790
PINEROLO,TO,001191,001191,10761
GIULIANOVA,TE,067025,067025,10726
MONTECCHIO MAGGIORE,VI,024061,024061,10692
FORMIGINE,MO,036015,036015,10613
SETTIMO TORINESE,TO,001265,001265,10562
OTTAVIANO,NA,063051,063051,10556
VENTIMIGLIA,IM,008065,008065,10539
LATIANO,BR,074009,074009,10489
SANT'ANTIOCO,SU,111071,111071,10488
PERGINE VALSUGANA,TN,022139,022139,10482
TAVIANO,LE,075085,075085,10448
TEGGIANO,SA,065146,065146,10365
VIBO VALENTIA,VV,102047,102047,10360
ARADEO,LE,075006,075006,10332
ACQUI TERME,AL,006001,006001,10304
GALLIPOLI,LE,075031,075031,10298
PROCIDA,NA,063061,063061,10285
SARZANA,SP,011027,011027,10261
GIUSSANO,MB,108024,108024,10231
CISTERNINO,BR,074005,074005,10224
ROSÀ,VI,024087,024087,10182
SAN SALVO,CH,069083,069083,10154
SPINEA,VE,027038,027038,10150
PANTELLERIA,TP,081014,081014,10148
MONTEMURLO,PO,100003,100003,9997
TORTORICI,ME,083099,083099,9997
MISANO ADRIATICO,RN,099005,099005,9976
PONTECAGNANO FAIANO,SA,065099,065099,9955
FRANCAVILLA AL MARE,CH,069035,069035,9944
MONDOVÌ,CN,004130,004130,9849
POGGIOMARINO,NA,063055,063055,9838
PETILIA POLICASTRO,KR,101017,101017,9837
MAGLIE,LE,075039,075039,9835
CARLENTINI,SR,089006,089006,9801
VEROLI,FR,060085,060085,9765
RANDAZZO,CT,087038,087038,9753
BRONTE,CT,087009,087009,9701
PULSANO,TA,073022,073022,9521
CAMPAGNA,SA,065022,065022,9511
VIADANA,MN,020066,020066,9496
JESI,AN,042021,042021,9482
AVIGLIANO,PZ,076007,076007,9474
CASTELLANETA,TA,073003,073003,9448
NARNI,TR,055022,055022,9426
BELLARIA-IGEA MARINA,RN,099001,099001,9403
CASTIGLION FIORENTINO,AR,051012,051012,9391
AGROPOLI,SA,065002,065002,9340
ALBEROBELLO,BA,072003,072003,9300
ESTE,PD,028037,028037,9249
MARANELLO,MO,036019,036019,9215
ISCHIA,NA,063037,063037,9088
PINETO,TE,067035,067035,9048
ORIA,BR,074011,074011,9040
ALFONSINE,RA,039001,039001,8971
MODUGNO,BA,072027,072027,8946
CODIGORO,FE,038005,038005,8932
SAN GIOVANNI LA PUNTA,CT,087041,087041,8926
LIZZANELLO,LE,075038,075038,8873
CHIARI,BS,017052,017052,8858
CUTROFIANO,LE,075026,075026,8829
TORCHIAROLO,BR,074018,074018,8810
VOLTERRA,PI,050039,050039,8808
TOLENTINO,MC,043053,043053,8728
PIETRA LIGURE,SV,009049,009049,8723
CHIAMPO,VI,024029,024029,8709
OCCHIOBELLO,RO,029033,029033,8660
GROTTAMMARE,AP,044023,044023,8649
VIGONZA,PD,028100,028100,8639
LASTRA A SIGNA,FI,048024,048024,8634
RIONERO IN VULTURE,PZ,076066,076066,8530
SUZZARA,MN,020065,020065,8491
LIMBIATE,MB,108027,108027,8484
MENTANA,RM,058059,058059,8473
FOSSANO,CN,004089,004089,8423
SELLIA MARINA,CZ,079127,079127,8421
SAN VINCENZO,LI,049018,049018,8330
NEVIANO,LE,075053,075053,8309
ROMANO D'EZZELINO,VI,024086,024086,8306
SCORZÈ,VE,027037,027037,8289
COLLEPASSO,LE,075021,075021,8247
GIOVINAZZO,BA,072022,072022,8236
SANTA VENERINA,CT,087048,087048,8226
SPEZZANO ALBANESE,CS,078142,078142,8196
PALAZZOLO ACREIDE,SR,089015,089015,8193
MASCALI,CT,087023,087023,8189
PORTO VIRO,RO,029052,029052,8143
COSENZA,CS,078045,078045,8088
ALTOPASCIO,LU,046001,046001,8071
CARMIGNANO,PO,100002,100002,8052
MONTALTO UFFUGO,CS,078081,078081,8039
VILLA CASTELLI,BR,074020,074020,8008
MARTELLAGO,VE,027021,027021,8000
VITTORIO VENETO,TV,026092,026092,8000
MONSERRATO,CA,092109,092109,7999
VERBANIA,VB,103072,103072,7999
NOCERA SUPERIORE,SA,065079,065079,7997
POMPEI,NA,063058,063058,7986
DALMINE,BG,016091,016091,7975
CARMAGNOLA,TO,001059,001059,7880
MERCATO SAN SEVERINO,SA,065067,065067,7831
ISOLA DI CAPO RIZZUTO,KR,101013,101013,7822
GIRIFALCO,CZ,079059,079059,7798
BORGONOVO VAL TIDONE,PC,033006,033006,7789
RIVOLI,TO,001219,001219,7787
CASTELFRANCO PIANDISCÒ,AR,051040,051040,7785
LATERZA,TA,073009,073009,7772
MILETO,VV,102021,102021,7688
ALBIGNASEGO,PD,028003,028003,7687
MANOPPELLO,PE,068022,068022,7677
SAN FILIPPO DEL MELA,ME,083077,083077,7648
TUGLIE,LE,075089,075089,7620
CELLOLE,CE,061102,061102,7617
POLISTENA,RC,080061,080061,7613
SAN GIOVANNI GEMINI,AG,084036,084036,7563
BARRAFRANCA,EN,086004,086004,7544
GANGI,PA,082036,082036,7539
BERNALDA,MT,077003,077003,7476
BRA,CN,004029,004029,7467
CASTELFIORENTINO,FI,048010,048010,7451
MOLINELLA,BO,037039,037039,7423
DOLIANOVA,SU,111014,111014,7396
CASALMAGGIORE,CR,019021,019021,7329
CAMPLI,TE,067008,067008,7294
CAIVANO,NA,063011,063011,7279
GROTTE,AG,084018,084018,7265
MOTTA SANT'ANASTASIA,CT,087030,087030,7261
ABANO TERME,PD,028001,028001,7256
CONSELICE,RA,039008,039008,7250
FINALE EMILIA,MO,036012,036012,7234
FISCAGLIA,FE,038027,038027,7188
COPPARO,FE,038007,038007,7140
CIVITELLA IN VAL DI CHIANA,AR,051016,051016,7125
CORBETTA,MI,015085,015085,7098
PIRAINO,ME,083068,083068,7081
VICO DEL GARGANO,FG,071059,071059,7080
MELILLI,SR,089012,089012,7058
ERACLEA,VE,027013,027013,7014
LINGUAGLOSSA,CT,087021,087021,7014
CASTAGNETO CARDUCCI,LI,049006,049006,6986
ABBIATEGRASSO,MI,015002,015002,6980
GUASTALLA,RE,035024,035024,6977
ACATE,RG,088001,088001,6920
MUGNANO DI NAPOLI,NA,063048,063048,6920
MARTANO,LE,075040,075040,6907
FOSSOMBRONE,PU,041015,041015,6887
GUSPINI,SU,111034,111034,6884
RECANATI,MC,043044,043044,6868
OLEGGIO,NO,003108,003108,6865
PARABITA,LE,075059,075059,6840
CALIMERA,LE,075010,075010,6830
MONTALE,PT,047010,047010,6814
SANT'ANASTASIA,NA,063072,063072,6797
SAN CASCIANO IN VAL DI PESA,FI,048038,048038,6752
BOJANO,CB,070003,070003,6743
MILITELLO IN VAL DI CATANIA,CT,087025,087025,6724
MAROSTICA,VI,024057,024057,6693
GIAVENO,TO,001115,001115,6650
SANTA MARIA A VICO,CE,061082,061082,6648
CALCINAIA,PI,050004,050004,6646
ROCCASTRADA,GR,053021,053021,6641
COTRONEI,KR,101009,101009,6613
LAMPORECCHIO,PT,047005,047005,6605
RUSSI,RA,039016,039016,6591
FORTE DEI MARMI,LU,046013,046013,6580
PESCARA,PE,068028,068028,6572
RUBANO,PD,028072,028072,6564
BORGETTO,PA,082013,082013,6557
EBOLI,SA,065050,065050,6513
NORCIA,PG,054035,054035,6512
GUAGNANO,LE,075034,075034,6477
CORSANO,LE,075024,075024,6473
MASSA LOMBARDA,RA,039013,039013,6471
ASOLA,MN,020002,020002,6470
MIRABELLA IMBACCARI,CT,087028,087028,6459
CASTELBUONO,PA,082022,082022,6413
CASTELVETRO DI MODENA,MO,036008,036008,6379
GAGLIANO DEL CAPO,LE,075028,075028,6370
FIORANO MODENESE,MO,036013,036013,6366
MOTTA SAN GIOVANNI,RC,080054,080054,6341
RONCADE,TV,026069,026069,6315
REALMONTE,AG,084032,084032,6305
VILLAROSA,EN,086020,086020,6285
SCORRANO,LE,075073,075073,6266
RIVALTA DI TORINO,TO,001214,001214,6247
GUALDO TADINO,PG,054023,054023,6245
LAMPEDUSA E LINOSA,AG,084020,084020,6243
BUSSOLENGO,VR,023015,023015,6229
BOVALINO,RC,080012,080012,6227
CANICATTINI BAGNI,SR,089005,089005,6215
VIGNOLA,MO,036046,036046,6210
VEDELAGO,TV,026089,026089,6178
TAORMINA,ME,083097,083097,6172
CASTEL SAN GIORGIO,SA,065034,065034,6155
ALESSANO,LE,075002,075002,6139
MONTELUPO FIORENTINO,FI,048028,048028,6083
VILLASIMIUS,SU,111105,111105,6075
POLLA,SA,065097,065097,6074
STRONGOLI,KR,101025,101025,6028
VIESTE,FG,071060,071060,6016
TERNI,TR,055032,055032,6001
SERRAMANNA,SU,111077,111077,5999
CALITRI,AV,064015,064015,5993
SAN PIETRO IN CASALE,BO,037055,037055,5992
NICHELINO,TO,001164,001164,5985
LORETO,AN,042022,042022,5984
BUDRIO,BO,037008,037008,5973
SANTA MARGHERITA LIGURE,GE,010054,010054,5968
VICOPISANO,PI,050038,050038,5958
ROMBIOLO,VV,102031,102031,5957
DELIA,CL,085006,085006,5940
GAVARDO,BS,017077,017077,5938
CAMPODARSEGO,PD,028017,028017,5931
BAGNOLO PIEMONTE,CN,004009,004009,5912
NOVENTA VICENTINA,VI,024074,024074,5886
RIVA DEL PO,FE,038029,038029,5878
CASTELRAIMONDO,MC,043009,043009,5862
MARINEO,PA,082046,082046,5858
MURO LECCESE,LE,075051,075051,5832
LUSIANA CONCO,VI,024127,024127,5828
SPECCHIA,LE,075077,075077,5811
DARFO BOARIO TERME,BS,017065,017065,5808
TEZZE SUL BRENTA,VI,024104,024104,5793
SAN MARCELLO PITEGLIO,PT,047024,047024,5788
CHIARAVALLE,AN,042014,042014,5784
MASSA LUBRENSE,NA,063044,063044,5782
MALETTO,CT,087022,087022,5771
CRISPIANO,TA,073004,073004,5755
CODOGNO,LO,098019,098019,5753
CONCORDIA SULLA SECCHIA,MO,036010,036010,5752
CAIRO MONTENOTTE,SV,009015,009015,5750
CORIGLIANO D'OTRANTO,LE,075023,075023,5738
MORANO CALABRO,CS,078083,078083,5733
CAPURSO,BA,072014,072014,5729
FUSIGNANO,RA,039011,039011,5717
RIVA DEL GARDA,TN,022153,022153,5715
MARTINSICURO,TE,067047,067047,5700
LEQUILE,LE,075036,075036,5692
PREGANZIOL,TV,026063,026063,5671
ARICCIA,RM,058009,058009,5662
PONTREMOLI,MS,045014,045014,5651
NOVELLARA,RE,035028,035028,5644
SOMMACAMPAGNA,VR,023082,023082,5635
LONGOBUCCO,CS,078068,078068,5627
ARBUS,SU,111001,111001,5614
CASALPUSTERLENGO,LO,098010,098010,5606
MAZZANO,BS,017107,017107,5603
BORDIGHERA,IM,008008,008008,5591
TORRI DI QUARTESOLO,VI,024108,024108,5578
CINQUEFRONDI,RC,080027,080027,5560
SAN LAZZARO DI SAVENA,BO,037054,037054,5558
SERRADIFALCO,CL,085018,085018,5551
MANERBIO,BS,017103,017103,5545
SAN GIUSTINO,PG,054044,054044,5509
MONTIGNOSO,MS,045011,045011,5507
SAN VITO AL TAGLIAMENTO,PN,093041,093041,5493
MORBEGNO,SO,014045,014045,5489
MISILISCEMI,TP,081025,081025,5478
NEGRAR DI VALPOLICELLA,VR,023052,023052,5477
PIAZZOLA SUL BRENTA,PD,028063,028063,5473
SALICE SALENTINO,LE,075065,075065,5462
MONTEMARCIANO,AN,042027,042027,5457
DOLO,VE,027012,027012,5438
CAZZAGO SAN MARTINO,BS,017046,017046,5438
SAN VERO MILIS,OR,095050,095050,5435
OLGIATE OLONA,VA,012108,012108,5428
DOMODOSSOLA,VB,103028,103028,5409
ARENZANO,GE,010001,010001,5399
CERVINARA,AV,064025,064025,5374
BARONISSI,SA,065013,065013,5340
TRABIA,PA,082073,082073,5331
GALLIATE,NO,003068,003068,5324
CASTELNUOVO RANGONE,MO,036007,036007,5305
RIGNANO SULL'ARNO,FI,048036,048036,5298
CASSANO D'ADDA,MI,015059,015059,5296
MELICUCCO,RC,080049,080049,5272
IMPRUNETA,FI,048022,048022,5244
CASTELLETTO SOPRA TICINO,NO,003043,003043,5241
PORTOSCUSO,SU,111057,111057,5232
STIGLIANO,MT,077027,077027,5231
STALETTÌ,CZ,079143,079143,5215
ALTO RENO TERME,BO,037062,037062,5207
ROZZANO,MI,015189,015189,5179
RECOARO TERME,VI,024084,024084,5173
CHIETI,CH,069022,069022,5173
MONTERONI D'ARBIA,SI,052017,052017,5171
RIZZICONI,RC,080065,080065,5168
SUPERSANO,LE,075081,075081,5161
ALBISOLA SUPERIORE,SV,009004,009004,5157
MIGGIANO,LE,075046,075046,5127
CONCORDIA SAGITTARIA,VE,027011,027011,5094
CASTEGGIO,PV,018037,018037,5091
COTIGNOLA,RA,039009,039009,5090
BRONI,PV,018024,018024,5086
SANT'ANGELO DEI LOMBARDI,AV,064092,064092,5081
REZZATO,BS,017161,017161,5079
MONTALBANO ELICONA,ME,083057,083057,5074
AIROLA,BN,062001,062001,5071
SANTA CESAREA TERME,LE,075072,075072,5070
CREAZZO,VI,024036,024036,5055
SALUZZO,CN,004203,004203,5047
CASAL VELINO,SA,065028,065028,5002
VALLELUNGA PRATAMENO,CL,085021,085021,4992
MIRABELLA ECLANO,AV,064050,064050,4982
ATELLA,PZ,076006,076006,4973
SPILAMBERTO,MO,036045,036045,4948
SERRENTI,SU,111078,111078,4902
LIONI,AV,064044,064044,4881
NICOLOSI,CT,087031,087031,4876
SERRASTRETTA,CZ,079129,079129,4874
BRESSANONE,BZ,021011,021011,4869
ALBA ADRIATICA,TE,067001,067001,4864
ZANÈ,VI,024119,024119,4862
GORIZIA,GO,031007,031007,4860
CREVALCORE,BO,037024,037024,4849
SAN FELICE SUL PANARO,MO,036037,036037,4835
MACERATA CAMPANIA,CE,061047,061047,4805
NEPI,VT,056039,056039,4789
ARONA,NO,003008,003008,4788
GRAVINA DI CATANIA,CT,087019,087019,4786
CASTELLI CALEPIO,BG,016062,016062,4784
OSILO,SS,090050,090050,4772
MARRUBIU,OR,095025,095025,4769
LOANO,SV,009034,009034,4768
SAN DONACI,BR,074013,074013,4754
BREGANZE,VI,024014,024014,4753
GIFFONI VALLE PIANA,SA,065056,065056,4752
TRESIGNANA,FE,038030,038030,4736
ORGOSOLO,NU,091062,091062,4734
SAN GIOVANNI TEATINO,CH,069081,069081,4730
CAMPOLONGO MAGGIORE,VE,027003,027003,4723
ACI SANT'ANTONIO,CT,087005,087005,4711
CASTEL BOLOGNESE,RA,039006,039006,4699
CAPANNOLI,PI,050005,050005,4690
FILOTTRANO,AN,042019,042019,4687
COLLEFERRO,RM,058034,058034,4683
DOMUSNOVAS,SU,111016,111016,4666
PRATOVECCHIO STIA,AR,051041,051041,4629
MENDICINO,CS,078079,078079,4627
ROVERBELLA,MN,020053,020053,4622
ACQUAPENDENTE,VT,056001,056001,4588
GATTINARA,VC,002061,002061,4577
GUALTIERI,RE,035023,035023,4566
SAN MAURO MARCHESATO,KR,101020,101020,4566
PATERNO,PZ,076100,076100,4561
LAUREANA DI BORRELLO,RC,080042,080042,4547
SORANO,GR,053026,053026,4546
SAN GIOVANNI VALDARNO,AR,051033,051033,4535
RIESE PIO X,TV,026068,026068,4531
PRIMIERO SAN MARTINO DI CASTROZZA,TN,022245,022245,4523
MATELICA,MC,043024,043024,4516
SPONGANO,LE,075078,075078,4504
SAN DEMETRIO CORONE,CS,078114,078114,4487
CALTABELLOTTA,AG,084007,084007,4483
LUINO,VA,012092,012092,4479
MOTTA VISCONTI,MI,015151,015151,4462
BRISIGHELLA,RA,039004,039004,4456
SANT'ANGELO DI BROLO,ME,083088,083088,4455
ROCCADASPIDE,SA,065106,065106,4454
RONCOFERRARO,MN,020052,020052,4451
BALESTRATE,PA,082007,082007,4442
PESCHIERA DEL GARDA,VR,023059,023059,4415
MANIACE,CT,087057,087057,4413
ISOLA DELLA SCALA,VR,023040,023040,4409
SAN GIORGIO DELLE PERTICHE,PD,028075,028075,4405
MONTAGNANA,PD,028056,028056,4395
PIANORO,BO,037047,037047,4395
VOLTURARA IRPINA,AV,064119,064119,4381
PONTE DI LEGNO,BS,017148,017148,4380
SAN DAMIANO D'ASTI,AT,005097,005097,4378
BARI SARDO,NU,091005,091005,4371
BARBERINO DI MUGELLO,FI,048002,048002,4368
PIEDIMONTE ETNEO,CT,087035,087035,4361
ZERO BRANCO,TV,026095,026095,4360
PALAZZO SAN GERVASIO,PZ,076057,076057,4346
CHIANCIANO TERME,SI,052009,052009,4334
VILLADOSE,RO,029048,029048,4334
PALAU,SS,090054,090054,4332
SORBOLO MEZZANI,PR,034051,034051,4331
FARRA DI SOLIGO,TV,026026,026026,4326
VARALLO,VC,002156,002156,4326
SATRIANO,CZ,079123,079123,4322
GRAZZANISE,CE,061042,061042,4314
BEDIZZOLE,BS,017014,017014,4306
BARDOLINO,VR,023006,023006,4302
SANTA LUCIA DEL MELA,ME,083086,083086,4300
ROGGIANO GRAVINA,CS,078104,078104,4297
CASTEGNATO,BS,017040,017040,4294
SCURCOLA MARSICANA,AQ,066096,066096,4288
VIGARANO MAINARDA,FE,038022,038022,4282
BUSETO PALIZZOLO,TP,081002,081002,4279
DERUTA,PG,054017,054017,4273
VOLPIANO,TO,001314,001314,4270
ZOCCA,MO,036047,036047,4268
CAPRI,NA,063014,063014,4262
BUGGIANO,PT,047003,047003,4260
SANT'ANGELO LODIGIANO,LO,098050,098050,4240
CORNUDA,TV,026023,026023,4239
MONGHIDORO,BO,037040,037040,4230
CAVE,RM,058026,058026,4218
CORIANO,RN,099003,099003,4199
PRIVERNO,LT,059019,059019,4190
POGGIO RENATICO,FE,038018,038018,4186
MARSCIANO,PG,054027,054027,4185
GREZZANA,VR,023038,023038,4175
PIEVE A NIEVOLE,PT,047013,047013,4160
MONTELABBATE,PU,041036,041036,4158
ASIAGO,VI,024009,024009,4158
SAN MAURO TORINESE,TO,001249,001249,4154
PICERNO,PZ,076059,076059,4143
OZZANO DELL'EMILIA,BO,037046,037046,4140
FABRIZIA,VV,102010,102010,4135
MONTECASSIANO,MC,043026,043026,4134
UTA,CA,092090,092090,4125
ANACAPRI,NA,063004,063004,4124
FALERNA,CZ,079047,079047,4107
BROLO,ME,083007,083007,4104
CAROSINO,TA,073002,073002,4087
MILENA,CL,085010,085010,4085
MERATE,LC,097048,097048,4071
CRUCOLI,KR,101011,101011,4068
MUSILE DI PIAVE,VE,027025,027025,4067
GIARDINI-NAXOS,ME,083032,083032,4064
MARLIANA,PT,047007,047007,4056
LANUVIO,RM,058050,058050,4051
OLEVANO SUL TUSCIANO,SA,065082,065082,4048
FERLA,SR,089008,089008,4045
BARGE,CN,004012,004012,4036
SOGLIANO CAVOUR,LE,075075,075075,4036
LANUSEI,NU,091037,091037,4029
MONFORTE SAN GIORGIO,ME,083054,083054,4028
CASTENASO,BO,037021,037021,4026
BORGO VENETO,PD,028107,028107,4021
MONTESCUDO-MONTE COLOMBO,RN,099029,099029,4014
CASTELNUOVO DI PORTO,RM,058024,058024,4001
SAN MICHELE SALENTINO,BR,074014,074014,4000
CUMIANA,TO,001097,001097,3993
SAN MICHELE DI GANZARIA,CT,087043,087043,3988
POVIGLIO,RE,035029,035029,3985
CASTELLANA SICULA,PA,082024,082024,3982
GORGONZOLA,MI,015108,015108,3970
GRISIGNANO DI ZOCCO,VI,024046,024046,3964
STRADELLA,PV,018153,018153,3957
SAONARA,PD,028085,028085,3955
VILLAPIANA,CS,078154,078154,3949
MERCATO SARACENO,FC,040020,040020,3941
CORTE FRANCA,BS,017062,017062,3938
SAN GIORGIO LA MOLARA,BN,062059,062059,3936
FLERO,BS,017072,017072,3935
VIGONOVO,VE,027043,027043,3926
TURATE,CO,013227,013227,3921
MOSCIANO SANT'ANGELO,TE,067030,067030,3899
SISSA TRECASALI,PR,034049,034049,3892
SAN CALOGERO,VV,102032,102032,3868
BORGORICCO,PD,028013,028013,3868
MARSICOVETERE,PZ,076046,076046,3860
LUZZARA,RE,035026,035026,3856
BITTI,NU,091009,091009,3852
SCISCIANO,NA,063077,063077,3849
STAZZEMA,LU,046030,046030,3849
GRANAROLO DELL'EMILIA,BO,037030,037030,3846
TUSA,ME,083101,083101,3836
FORINO,AV,064034,064034,3832
OFFIDA,AP,044054,044054,3818
GONZAGA,MN,020027,020027,3814
SAN VITO,SU,111066,111066,3813
CASALVIERI,FR,060018,060018,3812
BAUNEI,NU,091006,091006,3810
CASTIGLIONE DEI PEPOLI,BO,037022,037022,3808
CASALECCHIO DI RENO,BO,037011,037011,3782
CASTELGOMBERTO,VI,024028,024028,3777
BOLSENA,VT,056008,056008,3758
SEUI,SU,111081,111081,3755
BUSCA,CN,004034,004034,3751
CASTROLIBERO,CS,078031,078031,3751
URBANIA,PU,041066,041066,3738
FIAMIGNANO,RI,057028,057028,3738
FUSCALDO,CS,078058,078058,3716
COLOGNOLA AI COLLI,VR,023028,023028,3695
FIESSO D'ARTICO,VE,027014,027014,3684
BONO,SS,090012,090012,3677
SPELLO,PG,054050,054050,3664
MONTESANO SALENTINO,LE,075049,075049,3660
AMARONI,CZ,079003,079003,3657
FORENZA,PZ,076033,076033,3635
APPIANO SULLA STRADA DEL VINO,BZ,021004,021004,3623
MARMIROLO,MN,020033,020033,3620
MONTAGNAREALE,ME,083056,083056,3612
SAPRI,SA,065134,065134,3606
LIPARI,ME,083041,083041,3595
SPINAZZOLA,BT,110008,110008,3586
LORO CIUFFENNA,AR,051020,051020,3586
TORRI DEL BENACO,VR,023086,023086,3584
PIOSSASCO,TO,001194,001194,3579
MARANO VICENTINO,VI,024056,024056,3573
SAN GIORGIO PIACENTINO,PC,033040,033040,3571
CASAVATORE,NA,063021,063021,3566
RIOLO TERME,RA,039015,039015,3565
VINOVO,TO,001309,001309,3565
GARGNANO,BS,017076,017076,3557
MALALBERGO,BO,037035,037035,3551
ARGELATO,BO,037002,037002,3541
SANTHIÀ,VC,002133,002133,3540
POLIZZI GENEROSA,PA,082058,082058,3537
BAGNO DI ROMAGNA,FC,040001,040001,3534
NOTARESCO,TE,067032,067032,3524
BELLINZAGO NOVARESE,NO,003016,003016,3522
CARPANETO PIACENTINO,PC,033011,033011,3519
CARIGNANO,TO,001058,001058,3517
CARINOLA,CE,061017,061017,3508
TIGGIANO,LE,075086,075086,3504
TERME VIGLIATORE,ME,083106,083106,3499
SASSO MARCONI,BO,037057,037057,3499
MURAVERA,SU,111042,111042,3496
NAVE,BS,017117,017117,3486
CUPRA MARITTIMA,AP,044017,044017,3480
MAZZARRONE,CT,087056,087056,3470
ARIENZO,CE,061004,061004,3465
RODÌ MILICI,ME,083075,083075,3461
ALBINO,BG,016004,016004,3455
OTRANTO,LE,075057,075057,3448
FURNARI,ME,083028,083028,3444
MUSSOLENTE,VI,024070,024070,3415
MARIANOPOLI,CL,085008,085008,3409
PIEVE DEL GRAPPA,TV,026096,026096,3408
BORGOSATOLLO,BS,017021,017021,3407
NASO,ME,083060,083060,3407
SAN MARCO D'ALUNZIO,ME,083079,083079,3404
MONTECCHIO EMILIA,RE,035027,035027,3390
BREMBATE,BG,016037,016037,3390
COCCAGLIO,BS,017056,017056,3381
GUIGLIA,MO,036017,036017,3378
VERZINO,KR,101027,101027,3377
SANTA TERESA GALLURA,SS,090063,090063,3371
SETTIMO SAN PIETRO,CA,092075,092075,3365
GIURDIGNANO,LE,075033,075033,3364
BASSANO ROMANO,VT,056005,056005,3362
CASALBORDINO,CH,069015,069015,3360
MELPIGNANO,LE,075045,075045,3356
BURGIO,AG,084005,084005,3355
CURSI,LE,075025,075025,3355
TRINO,VC,002148,002148,3354
MAJANO,UD,030053,030053,3349
ASCEA,SA,065009,065009,3347
LAMON,BL,025026,025026,3338
SEMINARA,RC,080086,080086,3334
CASTELLO DI CISTERNA,NA,063025,063025,3333
PIEVE DI CENTO,BO,037048,037048,3333
MONTE SAN GIACOMO,SA,065075,065075,3332
COLLECCHIO,PR,034009,034009,3326
MOGLIA,MN,020035,020035,3318
POLLENZA,MC,043041,043041,3311
CEREGNANO,RO,029015,029015,3287
TRASACCO,AQ,066102,066102,3279
SAVIGNANO SUL PANARO,MO,036041,036041,3277
POLLICA,SA,065098,065098,3275
CALCIO,BG,016044,016044,3269
SAN DONATO DI LECCE,LE,075069,075069,3250
TORBOLE CASAGLIA,BS,017186,017186,3245
ALTIVOLE,TV,026001,026001,3243
CAMERI,NO,003032,003032,3242
CARSOLI,AQ,066025,066025,3235
SOLESINO,PD,028087,028087,3233
CASOLI,CH,069017,069017,3219
VENARIA REALE,TO,001292,001292,3218
AMANDOLA,FM,109002,109002,3218
CAERANO DI SAN MARCO,TV,026006,026006,3218
TRAPPETO,PA,082074,082074,3215
SPADAFORA,ME,083096,083096,3208
ZUGLIANO,VI,024122,024122,3206
BOTTICINO,BS,017023,017023,3205
DOGLIANI,CN,004081,004081,3204
TROMELLO,PV,018164,018164,3203
CAVEZZO,MO,036009,036009,3202
SCILLA,RC,080085,080085,3196
MONTE URANO,FM,109024,109024,3194
URAS,OR,095069,095069,3180
ACCETTURA,MT,077001,077001,3175
PODENZANO,PC,033035,033035,3170
SAN SALVATORE TELESINO,BN,062068,062068,3167
CASTELLAZZO BORMIDA,AL,006047,006047,3163
GRICIGNANO DI AVERSA,CE,061043,061043,3156
FOSSÒ,VE,027017,027017,3155
GERACI SICULO,PA,082037,082037,3151
ACQUASPARTA,TR,055001,055001,3145
CARLOPOLI,CZ,079020,079020,3145
SANTORSO,VI,024095,024095,3139
VOBARNO,BS,017204,017204,3137
CANOSSA,RE,035018,035018,3133
RUOTI,PZ,076071,076071,3132
TONARA,NU,091093,091093,3131
VILLAMASSARGIA,SU,111098,111098,3131
MINERBIO,BO,037038,037038,3131
RODENGO SAIANO,BS,017163,017163,3130
SAN VITO SULLO IONIO,CZ,079122,079122,3121
LA LOGGIA,TO,001127,001127,3118
OLMEDO,SS,090048,090048,3115
CLUSONE,BG,016077,016077,3105
CANEGRATE,MI,015046,015046,3097
CARMIGNANO DI BRENTA,PD,028023,028023,3096
ACQUEDOLCI,ME,083107,083107,3096
VIMODRONE,MI,015242,015242,3092
CASTEL D'AZZANO,VR,023021,023021,3086
SALE MARASINO,BS,017169,017169,3080
MEDOLLA,MO,036021,036021,3078
CASTEL SAN NICCOLÒ,AR,051010,051010,3076
CORMANO,MI,015086,015086,3073
BARICELLA,BO,037003,037003,3064
BELVEDERE DI SPINELLO,KR,101001,101001,3061
ANZOLA DELL'EMILIA,BO,037001,037001,3053
CASORATE SEMPIONE,VA,012039,012039,3051
FURCI SICULO,ME,083027,083027,3050
TRIVENTO,CB,070081,070081,3040
TRICARICO,MT,077028,077028,3034
ORANI,NU,091061,091061,3030
ZOLA PREDOSA,BO,037060,037060,3030
CHERASCO,CN,004067,004067,3020
TIZZANO VAL PARMA,PR,034039,034039,3019
COLORNO,PR,034010,034010,3017
PIANEZZA,TO,001189,001189,3017
BAGOLINO,BS,017010,017010,3016
MONTECASTRILLI,TR,055017,055017,3007
BRESSO,MI,015032,015032,3000
LIVORNO FERRARIS,VC,002071,002071,2967
MOIANO,BN,062040,062040,2965
INZAGO,MI,015114,015114,2964
GODEGA DI SANT'URBANO,TV,026033,026033,2963
THIESI,SS,090071,090071,2955
CISLAGO,VA,012050,012050,2953
CASTIGLIONE D'ADDA,LO,098014,098014,2953
BORSO DEL GRAPPA,TV,026004,026004,2953
SAN FIOR,TV,026072,026072,2953
CONCOREZZO,MB,108021,108021,2953
COLONNELLA,TE,067019,067019,2950
CASTEL GANDOLFO,RM,058022,058022,2950
PRATOLA SERRA,AV,064075,064075,2950
VESCOVATO,CR,019113,019113,2946
CASTELBELLINO,AN,042008,042008,2935
VILLE DI FIEMME,TN,022254,022254,2932
URURI,CB,070083,070083,2931
SANT'ILARIO D'ENZA,RE,035039,035039,2927
FRASSINORO,MO,036016,036016,2924
BIBBIANO,RE,035004,035004,2919
LACCO AMENO,NA,063038,063038,2916
PIOLTELLO,MI,015175,015175,2908
SOVICO,MB,108041,108041,2905
SERRE,SA,065140,065140,2903
SERSALE,CZ,079130,079130,2902
CAVRIAGO,RE,035017,035017,2896
RUDIANO,BS,017167,017167,2896
ALTAVILLA MILICIA,PA,082004,082004,2892
CASTELL'UMBERTO,ME,083014,083014,2891
TARCENTO,UD,030116,030116,2890
PONTE SAN PIETRO,BG,016170,016170,2886
COLLELONGO,AQ,066039,066039,2886
VARZI,PV,018171,018171,2880
STERNATIA,LE,075080,075080,2866
CAPIZZI,ME,083008,083008,2863
PELLEZZANO,SA,065090,065090,2848
LAURINO,SA,065061,065061,2846
SEDILO,OR,095052,095052,2843
SANT'EGIDIO ALLA VIBRATA,TE,067038,067038,2843
FRASCINETO,CS,078057,078057,2841
CAMPOSANO,NA,063013,063013,2833
BUCCINO,SA,065017,065017,2833
MELISSA,KR,101014,101014,2831
MONTEVAGO,AG,084025,084025,2828
CASTIGLIONE MESSER RAIMONDO,TE,067013,067013,2827
SOSSANO,VI,024102,024102,2825
VIGLIANO BIELLESE,BI,096077,096077,2819
BIASSONO,MB,108009,108009,2819
GUALTIERI SICAMINÒ,ME,083035,083035,2808
FERMIGNANO,PU,041014,041014,2807
ALCARA LI FUSI,ME,083001,083001,2806
FAICCHIO,BN,062029,062029,2806
CODEVIGO,PD,028033,028033,2795
VITORCHIANO,VT,056060,056060,2787
CEVA,CN,004066,004066,2780
TOLFA,RM,058105,058105,2779
PALAZZO ADRIANO,PA,082052,082052,2778
BERCHIDDA,SS,090009,090009,2773
SANT'ONOFRIO,VV,102036,102036,2771
FONTE,TV,026029,026029,2765
FILIANO,PZ,076032,076032,2764
MONTE COMPATRI,RM,058060,058060,2763
ACERENZA,PZ,076002,076002,2751
VAL DI ZOLDO,BL,025073,025073,2751
CASTRI DI LECCE,LE,075017,075017,2741
TRESCORE BALNEARIO,BG,016218,016218,2738
OSPEDALETTO EUGANEO,PD,028059,028059,2725
CAMPO CALABRO,RC,080018,080018,2719
MURLO,SI,052019,052019,2712
BRANDIZZO,TO,001034,001034,2706
FONDACHELLI-FANTINA,ME,083023,083023,2705
MONTIERI,GR,053017,053017,2704
BURCEI,SU,111007,111007,2694
ANOIA,RC,080003,080003,2685
COMUNANZA,AP,044015,044015,2683
ZAMBRONE,VV,102049,102049,2680
ARBOREA,OR,095006,095006,2676
PALERMITI,CZ,079089,079089,2676
SANT'ANGELO A CUPOLO,BN,062071,062071,2671
ISOLA DELLE FEMMINE,PA,082043,082043,2669
CASTELDACCIA,PA,082023,082023,2666
MAROPATI,RC,080046,080046,2666
CIVITELLA PAGANICO,GR,053008,053008,2664
CERIANA,IM,008016,008016,2661
VILLANOVA DI CAMPOSAMPIERO,PD,028104,028104,2659
SERRAMAZZONI,MO,036042,036042,2653
VALLE AURINA,BZ,021108,021108,2652
TORRENOVA,ME,083108,083108,2647
PACENTRO,AQ,066066,066066,2635
GUARDIA LOMBARDI,AV,064040,064040,2623
TORRILE,PR,034041,034041,2622
LAURENZANA,PZ,076041,076041,2621
CAVAION VERONESE,VR,023023,023023,2619
CASTELLUCCHIO,MN,020016,020016,2618
SALA BOLOGNESE,BO,037050,037050,2616
MENAGGIO,CO,013145,013145,2616
SAN MARTINO D'AGRI,PZ,076077,076077,2613
SAN SEVERINO LUCANO,PZ,076078,076078,2605
MONTECARLO,LU,046021,046021,2603
CAMASTRA,AG,084008,084008,2603
BUONABITACOLO,SA,065018,065018,2597
FALERONE,FM,109005,109005,2596
FONTANELLE,TV,026028,026028,2590
CIVITELLA CASANOVA,PE,068014,068014,2589
VENETICO,ME,083104,083104,2585
COSTA VOLPINO,BG,016086,016086,2585
SAN PAOLO,BS,017138,017138,2584
BAUCINA,PA,082008,082008,2584
GROTTAZZOLINA,FM,109008,109008,2584
SASSOCORVARO AUDITORE,PU,041071,041071,2581
ROTONDELLA,MT,077023,077023,2579
BUSSOLENO,TO,001044,001044,2567
SAN BENIGNO CANAVESE,TO,001236,001236,2559
VILLANOVA MONDOVÌ,CN,004245,004245,2557
SARCEDO,VI,024097,024097,2550
CASARZA LIGURE,GE,010011,010011,2541
BRESCELLO,RE,035006,035006,2538
CELLAMARE,BA,072018,072018,2534
SAN PROSPERO,MO,036039,036039,2531
CASALOLDO,MN,020011,020011,2529
MASSA D'ALBE,AQ,066054,066054,2528
CACCURI,KR,101002,101002,2515
BRICHERASIO,TO,001035,001035,2513
GAGGIANO,MI,015103,015103,2510
CONTIGLIANO,RI,057025,057025,2509
GATTATICO,RE,035022,035022,2508
VILLANOVA D'ALBENGA,SV,009068,009068,2505
MONTAZZOLI,CH,069051,069051,2503
MONTERENZIO,BO,037041,037041,2501
RAPAGNANO,FM,109035,109035,2499
GATTICO-VERUNO,NO,003166,003166,2493
COLLAZZONE,PG,054014,054014,2493
CARTURA,PD,028026,028026,2493
CERISANO,CS,078037,078037,2492
CASTELLIRI,FR,060020,060020,2487
SOSPIROLO,BL,025056,025056,2487
SOAVE,VR,023081,023081,2484
CEPPALONI,BN,062022,062022,2482
PORTIGLIOLA,RC,080062,080062,2482
RIARDO,CE,061068,061068,2479
ORTISEI,BZ,021061,021061,2478
CAPPELLA MAGGIORE,TV,026007,026007,2478
LANA,BZ,021041,021041,2474
BONITO,AV,064012,064012,2473
MARIGLIANELLA,NA,063042,063042,2469
CASTELROTTO,BZ,021019,021019,2462
SAN PIETRO DI FELETTO,TV,026073,026073,2462
LATTARICO,CS,078066,078066,2461
VILLA DEL CONTE,PD,028101,028101,2459
BORETTO,RE,035005,035005,2448
SANTA CROCE CAMERINA,RG,088010,088010,2446
ORGIANO,VI,024075,024075,2439
ARCISATE,VA,012004,012004,2437
GAMBATESA,CB,070025,070025,2437
POMPIANO,BS,017146,017146,2434
VALSAMOGGIA,BO,037061,037061,2434
ROMAGNANO SESIA,NO,003130,003130,2429
SETTINGIANO,CZ,079131,079131,2429
BORGHETTO DI BORBERA,AL,006018,006018,2427
CERMENATE,CO,013064,013064,2426
CASTIGLIONE DELLA PESCAIA,GR,053006,053006,2423
BENTIVOGLIO,BO,037005,037005,2422
PRIGNANO SULLA SECCHIA,MO,036033,036033,2421
CAPOSELE,AV,064017,064017,2419
PALAGANO,MO,036029,036029,2417
RENON,BZ,021072,021072,2415
UCRIA,ME,083102,083102,2410
VIGOLZONE,PC,033045,033045,2407
ALTOPIANO DELLA VIGOLANA,TN,022236,022236,2407
FALCONE,ME,083019,083019,2405
SANTA SEVERINA,KR,101022,101022,2405
SAMBUCA DI SICILIA,AG,084034,084034,2398
PIZZONI,VV,102028,102028,2392
CASTRO,LE,075096,075096,2390
SAN POLO D'ENZA,RE,035038,035038,2390
DORNO,PV,018061,018061,2388
BERNAREGGIO,MB,108007,108007,2383
PESCHIERA BORROMEO,MI,015171,015171,2381
VILLANUOVA SUL CLISI,BS,017201,017201,2378
RENDE,CS,078102,078102,2363
SANTA MARIA NUOVA,AN,042043,042043,2361
LOIANO,BO,037034,037034,2358
PIEGARO,PG,054040,054040,2355
CUSANO MILANINO,MI,015098,015098,2355
MONTI,SS,090041,090041,2353
SECLÌ,LE,075074,075074,2353
GUARDEA,TR,055015,055015,2353
SANTENA,TO,001257,001257,2347
LODI VECCHIO,LO,098032,098032,2344
VAGLIO BASILICATA,PZ,076094,076094,2340
CAPRIANO DEL COLLE,BS,017037,017037,2338
MANDAS,SU,111039,111039,2335
BORGARO TORINESE,TO,001028,001028,2333
CAIRATE,VA,012029,012029,2327
CASALINCONTRADA,CH,069016,069016,2324
VILLADOSSOLA,VB,103075,103075,2320
SAN CESARIO SUL PANARO,MO,036036,036036,2317
MORINO,AQ,066057,066057,2316
VARAPODIO,RC,080095,080095,2312
GALLICANO,LU,046015,046015,2312
ANTRODOCO,RI,057003,057003,2309
GALATRO,RC,080035,080035,2308
SAN CASSIANO,LE,075095,075095,2294
COSIO VALTELLINO,SO,014024,014024,2292
NUVOLERA,BS,017120,017120,2288
BARLASSINA,MB,108005,108005,2284
COSEANO,UD,030031,030031,2283
VERTOVA,BG,016234,016234,2280
POGGIO TORRIANA,RN,099028,099028,2273
NUVOLENTO,BS,017119,017119,2268
GOLFO ARANCI,SS,090083,090083,2257
SANT'AGATA SUL SANTERNO,RA,039017,039017,2251
PASIANO DI PORDENONE,PN,093029,093029,2244
LURATE CACCIVIO,CO,013138,013138,2244
GASPERINA,CZ,079056,079056,2240
QUISTELLO,MN,020047,020047,2240
PALLAGORIO,KR,101016,101016,2237
MAGLIANO DE' MARSI,AQ,066053,066053,2235
VADO LIGURE,SV,009064,009064,2230
VILLANOVA D'ASTI,AT,005118,005118,2229
MORGANO,TV,026047,026047,2229
MONTEFANO,MC,043029,043029,2226
COGGIOLA,BI,096019,096019,2224
FIUMEFREDDO BRUZIO,CS,078055,078055,2221
FAETO,FG,071023,071023,2220
BARILE,PZ,076011,076011,2218
ASTI,AT,005005,005005,2212
CAMPAGNOLA EMILIA,RE,035009,035009,2210
MONSAMPOLO DEL TRONTO,AP,044031,044031,2209
CAMPODIPIETRA,CB,070008,070008,2207
ACQUAVIVA PLATANI,CL,085001,085001,2207
AMOROSI,BN,062002,062002,2206
SAVIGNANO IRPINO,AV,064096,064096,2204
SERLE,BS,017178,017178,2196
LESIGNANO DE' BAGNI,PR,034019,034019,2196
SAN VITTORE OLONA,MI,015201,015201,2195
CASALVECCHIO DI PUGLIA,FG,071014,071014,2193
SERRAVALLE SCRIVIA,AL,006160,006160,2192
SANTO STEFANO TICINO,MI,015200,015200,2188
PAESANA,CN,004157,004157,2187
SAN LORENZO IN CAMPO,PU,041054,041054,2184
CORTEMILIA,CN,004073,004073,2183
CASTELMEZZANO,PZ,076024,076024,2173
LOVERE,BG,016128,016128,2172
FONTEVIVO,PR,034016,034016,2168
SAN GIORGIO ALBANESE,CS,078118,078118,2167
LEVANTO,SP,011017,011017,2166
CASTELPAGANO,BN,062017,062017,2164
SARENTINO,BZ,021086,021086,2163
BORGO VAL DI TARO,PR,034006,034006,2163
ESCALAPLANO,SU,111018,111018,2161
BORNO,BS,017022,017022,2161
CASSINA DE' PECCHI,MI,015060,015060,2159
SAN MARTINO DI VENEZZE,RO,029044,029044,2159
SANT'AGATA LI BATTIATI,CT,087045,087045,2159
COLVERDE,CO,013251,013251,2155
BRESSANA BOTTARONE,PV,018023,018023,2151
PREDAZZO,TN,022147,022147,2151
LUCOLI,AQ,066052,066052,2150
PABILLONIS,SU,111052,111052,2148
CONA,VE,027010,027010,2146
SAN LORENZO NUOVO,VT,056047,056047,2145
VALMADRERA,LC,097083,097083,2140
GIAVERA DEL MONTELLO,TV,026032,026032,2137
SCHIAVON,VI,024099,024099,2125
GALATI MAMERTINO,ME,083030,083030,2125
MOSCUFO,PE,068025,068025,2125
MONIGA DEL GARDA,BS,017109,017109,2124
LACONI,OR,095082,095082,2120
ISILI,SU,111036,111036,2118
LUGAGNANO VAL D'ARDA,PC,033026,033026,2117
ITALA,ME,083036,083036,2116
CANNOLE,LE,075012,075012,2116
SOLAROLO,RA,039018,039018,2111
FREGONA,TV,026030,026030,2108
FRANCICA,VV,102015,102015,2108
LOREO,RO,029030,029030,2106
TORNIMPARTE,AQ,066101,066101,2106
MARANO SUL PANARO,MO,036020,036020,2101
VERGHERETO,FC,040050,040050,2101
GROPPARELLO,PC,033025,033025,2100
MONTEMILONE,PZ,076051,076051,2092
LICODIA EUBEA,CT,087020,087020,2087
GESUALDO,AV,064036,064036,2085
ALBERONA,FG,071002,071002,2084
GANDINO,BG,016108,016108,2082
ACQUAFORMOSA,CS,078001,078001,2078
GAGGI,ME,083029,083029,2076
CARTIGLIANO,VI,024025,024025,2073
ATINA,FR,060011,060011,2062
CAMPOROSSO,IM,008011,008011,2060
BASCIANO,TE,067005,067005,2059
BORGO TICINO,NO,003025,003025,2058
AGNONE,IS,094002,094002,2056
GAZZUOLO,MN,020025,020025,2053
CALOPEZZATI,CS,078021,078021,2052
SAMPEYRE,CN,004205,004205,2042
ALZATE BRIANZA,CO,013007,013007,2041
CAVALLERMAGGIORE,CN,004059,004059,2036
CORFINIO,AQ,066041,066041,2035
OGGIONA CON SANTO STEFANO,VA,012107,012107,2035
CARRÈ,VI,024024,024024,2031
BELLUSCO,MB,108006,108006,2029
GALBIATE,LC,097036,097036,2025
BOTTANUCO,BG,016034,016034,2024
CIVIDATE AL PIANO,BG,016076,016076,2022
SPERONE,AV,064103,064103,2022
SAN POSSIDONIO,MO,036038,036038,2021
CASTIGLIONE IN TEVERINA,VT,056018,056018,2020
BELLA,PZ,076012,076012,2016
SESTA GODANO,SP,011028,011028,2014
CALVELLO,PZ,076015,076015,2012
VILLAVALLELONGA,AQ,066106,066106,2007
ROCCARASO,AQ,066084,066084,2005
COGLIATE,MB,108020,108020,2003
MANDELLO DEL LARIO,LC,097046,097046,2000
MONTE SAN PIETRO,BO,037042,037042,2000
CARONIA,ME,083011,083011,1999
CUASSO AL MONTE,VA,012058,012058,1999
NONE,TO,001168,001168,1998
MORRA DE SANCTIS,AV,064063,064063,1996
CASTEL DI CASIO,BO,037015,037015,1996
CELLE LIGURE,SV,009022,009022,1995
GRECI,AV,064037,064037,1988
COLOSIMI,CS,078043,078043,1985
CHIUSI DELLA VERNA,AR,051015,051015,1984
MONGRANDO,BI,096035,096035,1981
GALLIERA,BO,037028,037028,1980
AIELLO CALABRO,CS,078004,078004,1980
CASTELL'AZZARA,GR,053005,053005,1976
CIRCELLO,BN,062024,062024,1970
VAILATE,CR,019112,019112,1968
RIVISONDOLI,AQ,066078,066078,1964
BENE VAGIENNA,CN,004019,004019,1962
CAROBBIO DEGLI ANGELI,BG,016055,016055,1960
MALLES VENOSTA,BZ,021046,021046,1956
CASOLA VALSENIO,RA,039005,039005,1952
FERNO,VA,012068,012068,1952
PINO TORINESE,TO,001192,001192,1950
FOSSALTA DI PIAVE,VE,027015,027015,1943
ALÌ TERME,ME,083003,083003,1942
SAN SIRO,CO,013248,013248,1938
PESSANO CON BORNAGO,MI,015172,015172,1937
DRAPIA,VV,102009,102009,1933
CALDARO SULLA STRADA DEL VINO,BZ,021015,021015,1931
ANNONE VENETO,VE,027001,027001,1931
MEZZOCORONA,TN,022116,022116,1930
CESINALI,AV,064026,064026,1929
GOZZANO,NO,003076,003076,1924
CAMPO TURES,BZ,021017,021017,1915
TRECENTA,RO,029047,029047,1913
SIMAXIS,OR,095059,095059,1912
VEROLENGO,TO,001293,001293,1912
TERMOLI,CB,070078,070078,1905
SATRIANO DI LUCANIA,PZ,076083,076083,1892
BADALUCCO,IM,008006,008006,1892
PALMARIGGI,LE,075058,075058,1889
EPISCOPIA,PZ,076030,076030,1888
SARSINA,FC,040044,040044,1887
MONTIRONE,BS,017114,017114,1884
MIRTO,ME,083051,083051,1884
OSTRA VETERE,AN,042036,042036,1883
ALBAVILLA,CO,013003,013003,1882
VALLERMOSA,SU,111095,111095,1881
MAZZÈ,TO,001148,001148,1874
RUVO DEL MONTE,PZ,076072,076072,1871
CASAMARCIANO,NA,063018,063018,1871
STAZZANO,AL,006167,006167,1866
MONTEGRINO VALTRAVAGLIA,VA,012103,012103,1864
CHIANNI,PI,050012,050012,1860
GRAFFIGNANO,VT,056029,056029,1858
POLLUTRI,CH,069068,069068,1857
CARFIZZI,KR,101003,101003,1857
CIMADOLMO,TV,026017,026017,1857
ANTONIMINA,RC,080004,080004,1855
QUINDICI,AV,064077,064077,1852
CASTELNUOVO DI VAL DI CECINA,PI,050011,050011,1852
FONTANELLATO,PR,034015,034015,1852
CALDERARA DI RENO,BO,037009,037009,1849
PONCARALE,BS,017147,017147,1848
PERNUMIA,PD,028061,028061,1848
MARTIRANO,CZ,079073,079073,1846
ARCHI,CH,069002,069002,1842
RAGOGNA,UD,030087,030087,1842
SERRAVALLE SESIA,VC,002137,002137,1842
ALFEDENA,AQ,066003,066003,1841
MARANO DI VALPOLICELLA,VR,023046,023046,1838
VELO D'ASTICO,VI,024115,024115,1838
TERRE DEL RENO,FE,038028,038028,1834
ROSOLINA,RO,029040,029040,1833
CASTELFRANCI,AV,064023,064023,1830
SOVERIA SIMERI,CZ,079139,079139,1825
CAMPOFIORITO,PA,082018,082018,1825
TRONZANO VERCELLESE,VC,002150,002150,1823
RIOLUNATO,MO,036035,036035,1823
MARCELLINA,RM,058056,058056,1822
UBOLDO,VA,012130,012130,1820
VIPITENO,BZ,021115,021115,1820
VILLONGO,BG,016242,016242,1817
STIENTA,RO,029045,029045,1816
ROSCIANO,PE,068035,068035,1815
VITULANO,BN,062077,062077,1809
ENDINE GAIANO,BG,016093,016093,1809
BAGNOREGIO,VT,056003,056003,1806
SAN CHIRICO NUOVO,PZ,076073,076073,1803
SUVERETO,LI,049020,049020,1803
TELTI,SS,090080,090080,1800
GOSSOLENGO,PC,033023,033023,1799
CANNOBIO,VB,103017,103017,1799
CASTELLUCCIO SUPERIORE,PZ,076023,076023,1794
GEROCARNE,VV,102016,102016,1794
NIBIONNO,LC,097056,097056,1792
VERZUOLO,CN,004240,004240,1790
CASTELVETERE SUL CALORE,AV,064024,064024,1787
ROVITO,CS,078110,078110,1787
SAN DONATO MILANESE,MI,015192,015192,1781
OVODDA,NU,091071,091071,1779
ROCCA PIETORE,BL,025044,025044,1775
LOMAZZO,CO,013133,013133,1772
GRECCIO,RI,057031,057031,1771
QUALIANO,NA,063062,063062,1771
AGNA,PD,028002,028002,1770
SAN PIER NICETO,ME,083080,083080,1770
BRENZONE SUL GARDA,VR,023014,023014,1767
ORSAGO,TV,026053,026053,1764
LEFFE,BG,016124,016124,1762
CONZA DELLA CAMPANIA,AV,064030,064030,1761
EGNA,BZ,021029,021029,1757
AGLIANO TERME,AT,005001,005001,1757
SANT'ANTONINO DI SUSA,TO,001256,001256,1756
OLIVERI,ME,083063,083063,1749
LOMELLO,PV,018083,018083,1747
SAN GIORGIO SU LEGNANO,MI,015194,015194,1735
MAZZARRÀ SANT'ANDREA,ME,083046,083046,1734
IDRO,BS,017082,017082,1729
VILLIMPENTA,MN,020068,020068,1725
MELIZZANO,BN,062039,062039,1722
GIUGGIANELLO,LE,075032,075032,1720
MERGOZZO,VB,103044,103044,1720
MONTEFIORINO,MO,036025,036025,1716
CHALLAND-SAINT-ANSELME,AO,007013,007013,1712
APPIANO GENTILE,CO,013010,013010,1711
RACINES,BZ,021070,021070,1711
LASA,BZ,021042,021042,1705
CICAGNA,GE,010016,010016,1703
SANT'ELIA FIUMERAPIDO,FR,060068,060068,1702
CALCINATE,BG,016043,016043,1699
SAN FERMO DELLA BATTAGLIA,CO,013206,013206,1698
VESTONE,BS,017197,017197,1694
VEGGIANO,PD,028096,028096,1693
CIVEZZANO,TN,022061,022061,1691
SOMAGLIA,LO,098054,098054,1687
PARATICO,BS,017134,017134,1686
BISTAGNO,AL,006017,006017,1686
VILLAMAGNA,CH,069101,069101,1683
PEDASO,FM,109030,109030,1683
SABBIO CHIESE,BS,017168,017168,1683
CALIZZANO,SV,009017,009017,1679
PRALBOINO,BS,017152,017152,1676
LIMBADI,VV,102019,102019,1675
PEIO,TN,022136,022136,1673
MARZABOTTO,BO,037036,037036,1670
CARLAZZO,CO,013047,013047,1669
DIANO D'ALBA,CN,004080,004080,1660
CASTELNUOVO CILENTO,SA,065032,065032,1656
SESTO ED UNITI,CR,019095,019095,1655
CARDEDU,NU,091103,091103,1645
BOVEZZO,BS,017025,017025,1644
BANZI,PZ,076009,076009,1641
LETOJANNI,ME,083038,083038,1640
BOSCONERO,TO,001033,001033,1635
BRUSAPORTO,BG,016042,016042,1634
SANTA DOMENICA VITTORIA,ME,083083,083083,1632
DOMASO,CO,013089,013089,1625
CELICO,CS,078034,078034,1624
SORIANELLO,VV,102039,102039,1622
CIVITELLA D'AGLIANO,VT,056022,056022,1621
MASSA DI SOMMA,NA,063092,063092,1620
TAVERNERIO,CO,013222,013222,1616
CAMBIANO,TO,001048,001048,1611
CANARO,RO,029009,029009,1610
SAN SECONDO DI PINEROLO,TO,001254,001254,1608
CAVAGLIÀ,BI,096016,096016,1607
CIVITA D'ANTINO,AQ,066034,066034,1606
FIASTRA,MC,043017,043017,1605
PETRELLA SALTO,RI,057050,057050,1601
ROCCAMANDOLFI,IS,094040,094040,1599
MARENE,CN,004117,004117,1589
AIETA,CS,078005,078005,1583
LURAGO D'ERBA,CO,013136,013136,1580
LAPIO,AV,064042,064042,1579
ROÈ VOLCIANO,BS,017164,017164,1576
POZZUOLO MARTESANA,MI,015178,015178,1576
CAMPOSANTO,MO,036004,036004,1575
MUSCOLINE,BS,017116,017116,1574
CINTO CAOMAGGIORE,VE,027009,027009,1572
PIETRADEFUSI,AV,064072,064072,1566
CERRO AL LAMBRO,MI,015071,015071,1564
CERES,TO,001072,001072,1562
BAGNOLO DEL SALENTO,LE,075008,075008,1562
GAZOLDO DEGLI IPPOLITI,MN,020024,020024,1561
NARDODIPACE,VV,102024,102024,1561
CASALATTICO,FR,060017,060017,1560
CANDIA LOMELLINA,PV,018027,018027,1554
FORGARIA NEL FRIULI,UD,030137,030137,1554
POZZO D'ADDA,MI,015177,015177,1549
AGNOSINE,BS,017003,017003,1546
CENGIO,SV,009023,009023,1544
MONTEFLAVIO,RM,058061,058061,1544
VILLA SANTA MARIA,CH,069102,069102,1543
BERLINGO,BS,017015,017015,1537
FARA NOVARESE,NO,003065,003065,1532
LECCO,LC,097042,097042,1526
QUARONA,VC,002107,002107,1521
OSNAGO,LC,097061,097061,1519
CASTIADAS,SU,111011,111011,1518
PICINISCO,FR,060050,060050,1517
SAN CANDIDO,BZ,021077,021077,1516
VILLAR PEROSA,TO,001307,001307,1516
LOMAGNA,LC,097044,097044,1515
CADEO,PC,033007,033007,1514
ROCCA SINIBALDA,RI,057062,057062,1514
CASALBORE,AV,064020,064020,1511
ARIZZANO,VB,103003,103003,1508
MANSUÈ,TV,026037,026037,1506
GAGLIATO,CZ,079055,079055,1505
BADIA,BZ,021006,021006,1501
TRIVIGNO,PZ,076093,076093,1501
VILLA GUARDIA,CO,013245,013245,1499
ALBOSAGGIA,SO,014002,014002,1498
ROASIO,VC,002116,002116,1497
MORETTA,CN,004143,004143,1496
TONEZZA DEL CIMONE,VI,024106,024106,1493
ARENA PO,PV,018005,018005,1493
BARZANÒ,LC,097006,097006,1492
CASTELLUCCIO INFERIORE,PZ,076022,076022,1492
PORNASSIO,IM,008046,008046,1491
SAN CARLO CANAVESE,TO,001237,001237,1485
MORIAGO DELLA BATTAGLIA,TV,026048,026048,1485
PAPASIDERO,CS,078092,078092,1484
ANGIARI,VR,023003,023003,1483
PANNARANO,BN,062047,062047,1482
LUGNANO IN TEVERINA,TR,055016,055016,1482
OSOPPO,UD,030066,030066,1480
ZERI,MS,045017,045017,1477
SAN GIACOMO DELLE SEGNATE,MN,020056,020056,1477
SAINT-CHRISTOPHE,AO,007058,007058,1476
ALBISSOLA MARINA,SV,009003,009003,1475
ROCCELLA VALDEMONE,ME,083074,083074,1474
NOVA LEVANTE,BZ,021058,021058,1465
VALLE DI MADDALONI,CE,061097,061097,1464
ARMENTO,PZ,076005,076005,1463
CERRETO DI SPOLETO,PG,054010,054010,1462
LOCATE VARESINO,CO,013131,013131,1458
CALANNA,RC,080016,080016,1457
ROCCAFLUVIONE,AP,044064,044064,1456
SAMOLACO,SO,014057,014057,1454
SAN GIOVANNI IN MARIGNANO,RN,099017,099017,1454
VAL DI NIZZA,PV,018166,018166,1453
LOCERI,NU,091039,091039,1453
SPOLTORE,PE,068041,068041,1453
AZZATE,VA,012006,012006,1449
CARNATE,MB,108016,108016,1449
OLLASTRA,OR,095037,095037,1448
ROMENTINO,NO,003131,003131,1448
FIUMEDINISI,ME,083021,083021,1444
ENVIE,CN,004085,004085,1443
MAGLIANO SABINA,RI,057035,057035,1441
VILLAFRANCA D'ASTI,AT,005117,005117,1441
SANARICA,LE,075067,075067,1440
ROBILANTE,CN,004185,004185,1439
SALCITO,CB,070062,070062,1438
SAN FIORANO,LO,098047,098047,1437
CASTELVECCHIO SUBEQUO,AQ,066031,066031,1437
PEDRENGO,BG,016160,016160,1436
NATURNO,BZ,021056,021056,1436
LETINO,CE,061044,061044,1436
CASTRONNO,VA,012047,012047,1435
TOFFIA,RI,057068,057068,1433
CARAMANICO TERME,PE,068007,068007,1432
CANTALUPA,TO,001053,001053,1432
MONTEMARANO,AV,064058,064058,1432
VILLA DI SERIO,BG,016240,016240,1431
ATZARA,NU,091003,091003,1430
TORRE BOLDONE,BG,016214,016214,1429
PENNA SAN GIOVANNI,MC,043035,043035,1428
SCONTRONE,AQ,066094,066094,1428
PRATO ALLO STELVIO,BZ,021067,021067,1422
PONSO,PD,028067,028067,1418
RAPINO,CH,069071,069071,1418
MONTECATINI VAL DI CECINA,PI,050019,050019,1415
VILLASPECIOSA,SU,111107,111107,1413
ATTIGLIANO,TR,055006,055006,1409
CASSACCO,UD,030019,030019,1401
ROCCAMONTEPIANO,CH,069073,069073,1401
OGGEBBIO,VB,103049,103049,1400
MONTEFALCONE NEL SANNIO,CB,070043,070043,1399
DIGNANO,UD,030032,030032,1397
VEDUGGIO CON COLZANO,MB,108047,108047,1396
FRASSINO,CN,004092,004092,1393
CAUTANO,BN,062021,062021,1393
TAURANO,AV,064106,064106,1392
GUARDAMIGLIO,LO,098029,098029,1391
TERRANOVA DI POLLINO,PZ,076088,076088,1391
APRICA,SO,014004,014004,1388
BARANELLO,CB,070002,070002,1387
GROTTE DI CASTRO,VT,056030,056030,1386
MONTEFRANCO,TR,055019,055019,1386
MOMBERCELLI,AT,005066,005066,1382
SAVOIA DI LUCANIA,PZ,076084,076084,1375
SACCO,SA,065113,065113,1373
COMITINI,AG,084016,084016,1372
AROSIO,CO,013012,013012,1372
VILLA SAN GIOVANNI IN TUSCIA,VT,056046,056046,1371
CASTELSARACENO,PZ,076025,076025,1369
BOARA PISANI,PD,028012,028012,1369
COCCONATO,AT,005042,005042,1364
BALZOLA,AL,006011,006011,1364
PIETRAPERTOSA,PZ,076061,076061,1362
FRANCAVILLA MARITTIMA,CS,078056,078056,1360
GALLINARO,FR,060040,060040,1358
DURAZZANO,BN,062028,062028,1351
POCENIA,UD,030075,030075,1349
LAVIANO,SA,065063,065063,1349
GUARENE,CN,004101,004101,1349
SPILINGA,VV,102042,102042,1349
SAN DANIELE DEL FRIULI,UD,030099,030099,1348
MONTECRESTESE,VB,103046,103046,1348
SAN PELLEGRINO TERME,BG,016190,016190,1347
MESERO,MI,015144,015144,1342
GARGALLO,NO,003070,003070,1337
PALESTRO,PV,018107,018107,1335
VALDINA,ME,083103,083103,1334
CARASSAI,AP,044010,044010,1333
CAPIAGO INTIMIANO,CO,013043,013043,1333
CARENNO,LC,097014,097014,1330
ROCCAFRANCA,BS,017162,017162,1328
RIO DI PUSTERIA,BZ,021074,021074,1326
SAN LORENZO MAGGIORE,BN,062062,062062,1325
SANTO STEFANO AL MARE,IM,008056,008056,1324
BAGNARA DI ROMAGNA,RA,039003,039003,1323
DOBBIACO,BZ,021028,021028,1322
ALLEGHE,BL,025003,025003,1321
ZAVATTARELLO,PV,018184,018184,1317
ROCCASECCA DEI VOLSCI,LT,059023,059023,1317
TREVENZUOLO,VR,023088,023088,1314
FRASSO TELESINO,BN,062035,062035,1313
ZEDDIANI,OR,095074,095074,1311
VERCANA,CO,013239,013239,1309
VARNA,BZ,021111,021111,1308
MONFORTE D'ALBA,CN,004132,004132,1308
AIELLI,AQ,066002,066002,1307
MONTANO LUCINO,CO,013154,013154,1305
CICILIANO,RM,058030,058030,1305
SOLDANO,IM,008058,008058,1302
VILLASTELLONE,TO,001308,001308,1302
BALSORANO,AQ,066007,066007,1301
SALORNO SULLA STRADA DEL VINO,BZ,021076,021076,1301
MORRO D'ORO,TE,067029,067029,1301
VAPRIO D'ADDA,MI,015230,015230,1297
TORNARECCIO,CH,069092,069092,1292
SAN MARTINO IN PASSIRIA,BZ,021083,021083,1291
BATTAGLIA TERME,PD,028011,028011,1288
TELVE,TN,022188,022188,1287
BARZIO,LC,097007,097007,1284
SELEGAS,SU,111074,111074,1282
ZUNGRI,VV,102050,102050,1281
SONA,VR,023083,023083,1277
COMMEZZADURA,TN,022064,022064,1274
ELICE,PE,068018,068018,1273
BUCCIANO,BN,062010,062010,1272
TULA,SS,090075,090075,1271
TRIVIGLIANO,FR,060081,060081,1271
CAPO DI PONTE,BS,017035,017035,1267
CALVENZANO,BG,016047,016047,1264
VIONE,BS,017202,017202,1259
ALBESE CON CASSANO,CO,013004,013004,1259
PONTESTURA,AL,006133,006133,1259
SAN GENESIO ATESINO,BZ,021079,021079,1257
MASSINO VISCONTI,NO,003093,003093,1248
CASTELLAFIUME,AQ,066029,066029,1247
TORRE DI RUGGIERO,CZ,079148,079148,1244
CANNETO PAVESE,PV,018029,018029,1242
MORUZZO,UD,030063,030063,1241
ROCCANOVA,PZ,076069,076069,1241
BUSSERO,MI,015040,015040,1240
GENOLA,CN,004096,004096,1240
COLONNA,RM,058035,058035,1239
CARDETO,RC,080022,080022,1235
PIETRAROJA,BN,062051,062051,1234
SORICO,CO,013216,013216,1233
SPERLINGA,EN,086017,086017,1231
STRANGOLAGALLI,FR,060075,060075,1230
COSOLETO,RC,080030,080030,1228
OZZANO MONFERRATO,AL,006123,006123,1226
BALLABIO,LC,097004,097004,1223
FRAZZANÒ,ME,083026,083026,1223
RIVA PRESSO CHIERI,TO,001215,001215,1222
GRADOLI,VT,056028,056028,1219
MADIGNANO,CR,019055,019055,1219
CRAVEGGIA,VB,103024,103024,1217
PINAROLO PO,PV,018115,018115,1215
COLLOREDO DI MONTE ALBANO,UD,030028,030028,1215
ALTISSIMO,VI,024005,024005,1215
PIANTEDO,SO,014048,014048,1214
BORGO VELINO,RI,057008,057008,1213
FORNI DI SOPRA,UD,030041,030041,1213
CERENZIA,KR,101006,101006,1212
ROSORA,AN,042040,042040,1211
MERCALLO,VA,012101,012101,1210
CANDIOLO,TO,001051,001051,1209
MESE,SO,014043,014043,1208
SAN BARTOLOMEO VAL CAVARGNA,CO,013204,013204,1208
ROBECCO D'OGLIO,CR,019085,019085,1206
BARBARA,AN,042004,042004,1204
POLVERARA,PD,028066,028066,1202
TORRALBA,SS,090073,090073,1201
CAMPODORO,PD,028018,028018,1200
GESTURI,SU,111027,111027,1192
CIVITELLA ROVETO,AQ,066036,066036,1192
FRASSINETO PO,AL,006073,006073,1192
MORAZZONE,VA,012105,012105,1191
SPADOLA,VV,102041,102041,1188
DOMEGGE DI CADORE,BL,025018,025018,1188
FRANCAVILLA ANGITOLA,VV,102014,102014,1187
FOMBIO,LO,098026,098026,1186
FRONT,TO,001109,001109,1185
CESANA TORINESE,TO,001074,001074,1184
SAN GIOVANNI DEL DOSSO,MN,020058,020058,1183
COMANO,MS,045005,045005,1182
MATRICE,CB,070037,070037,1181
PECETTO TORINESE,TO,001183,001183,1179
VIGNATE,MI,015237,015237,1178
MONTORSO VICENTINO,VI,024068,024068,1176
CELENZA SUL TRIGNO,CH,069021,069021,1175
FARDELLA,PZ,076031,076031,1174
SANTOMENNA,SA,065131,065131,1173
CIRIGLIANO,MT,077005,077005,1172
CAPRI LEONE,ME,083010,083010,1171
TISSI,SS,090072,090072,1168
SANT'ALBANO STURA,CN,004211,004211,1167
LINAROLO,PV,018081,018081,1166
COLLE BRIANZA,LC,097024,097024,1164
MUCCIA,MC,043034,043034,1162
OLIVETO LUCANO,MT,077019,077019,1157
MONTICHIARI,BS,017113,017113,1157
LICATA,AG,084021,084021,1156
TRINITÀ,CN,004232,004232,1153
CHIESA IN VALMALENCO,SO,014019,014019,1151
BAGALADI,RC,080006,080006,1151
TRAONA,SO,014069,014069,1151
BRENTA,VA,012019,012019,1150
BAGNATICA,BG,016018,016018,1146
GRANDOLA ED UNITI,CO,013111,013111,1144
FORCE,AP,044021,044021,1144
NEMI,RM,058070,058070,1143
FONTANETO D'AGOGNA,NO,003066,003066,1141
CAPRIOLO,BS,017038,017038,1140
MOMO,NO,003100,003100,1138
FIANO,TO,001104,001104,1137
VALDAORA,BZ,021106,021106,1135
MONTALTO PAVESE,PV,018094,018094,1135
BRINDISI MONTAGNA,PZ,076014,076014,1134
MONTEFUSCO,AV,064056,064056,1134
CARIMATE,CO,013046,013046,1131
CASALROMANO,MN,020012,020012,1130
CASTAGNOLE MONFERRATO,AT,005023,005023,1129
SESTO,BZ,021092,021092,1129
BIONE,BS,017019,017019,1129
ARRE,PD,028006,028006,1126
TOIRANO,SV,009061,009061,1124
DERVIO,LC,097030,097030,1123
MATTIE,TO,001147,001147,1123
NURALLAO,SU,111046,111046,1121
LIMOSANO,CB,070032,070032,1120
FOSSALTA DI PORTOGRUARO,VE,027016,027016,1119
FERRUZZANO,RC,080033,080033,1119
LAGUNDO,BZ,021038,021038,1116
COASSOLO TORINESE,TO,001088,001088,1116
CAMPOLI DEL MONTE TABURNO,BN,062014,062014,1113
VERDERIO,LC,097091,097091,1110
SAN LORENZO DI SEBATO,BZ,021081,021081,1110
TREPPO GRANDE,UD,030126,030126,1106
GODRANO,PA,082040,082040,1103
MONTONE,PG,054033,054033,1099
VANDOIES,BZ,021110,021110,1095
PORTALBERA,PV,018118,018118,1095
CANTELLO,VA,012030,012030,1087
CHAMPORCHER,AO,007018,007018,1087
CALAMANDRANA,AT,005013,005013,1084
SANTA LUCIA DI SERINO,AV,064088,064088,1084
SEULO,SU,111082,111082,1079
ODOLO,BS,017121,017121,1077
CASALE MARITTIMO,PI,050006,050006,1076
MARTIGNANA DI PO,CR,019057,019057,1075
MELAZZO,AL,006092,006092,1075
TREGLIO,CH,069096,069096,1074
CAPONAGO,MB,108052,108052,1074
MERCATELLO SUL METAURO,PU,041025,041025,1072
FILOGASO,VV,102013,102013,1070
SAN GIACOMO DEGLI SCHIAVONI,CB,070065,070065,1070
VALTOPINA,PG,054059,054059,1069
ROBURENT,CN,004186,004186,1065
MAGLIANO ALPI,CN,004114,004114,1065
LEZZENO,CO,013126,013126,1065
CERCHIO,AQ,066033,066033,1059
CERVESINA,PV,018047,018047,1058
CASTELNUOVO BOCCA D'ADDA,LO,098013,098013,1058
PIANE CRATI,CS,078097,078097,1057
CINETO ROMANO,RM,058031,058031,1056
MEZZANE DI SOTTO,VR,023047,023047,1056
CASOLA DI NAPOLI,NA,063022,063022,1056
SETTEFRATI,FR,060072,060072,1055
MACCHIA D'ISERNIA,IS,094025,094025,1055
PALUDI,CS,078089,078089,1055
LA THUILE,AO,007041,007041,1054
PAVONE CANAVESE,TO,001181,001181,1053
CELLERE,VT,056020,056020,1051
SOLBIATE ARNO,VA,012121,012121,1049
PADERNO D'ADDA,LC,097062,097062,1046
MONTEGALDA,VI,024064,024064,1046
SCENA,BZ,021087,021087,1045
POSINA,VI,024080,024080,1040
FIÈ ALLO SCILIAR,BZ,021031,021031,1040
CASSINELLE,AL,006044,006044,1039
SANGANO,TO,001241,001241,1038
VALSTRONA,VB,103069,103069,1037
OCCIMIANO,AL,006115,006115,1034
DRUOGNO,VB,103029,103029,1034
PRAGELATO,TO,001201,001201,1033
GRANZE,PD,028043,028043,1030
PAITONE,BS,017132,017132,1028
NAZ-SCIAVES,BZ,021057,021057,1027
RIVOLI VERONESE,VR,023062,023062,1027
SOLBIATE OLONA,VA,012122,012122,1025
MORRO D'ALBA,AN,042031,042031,1025
AFRICO,RC,080001,080001,1025
PARCINES,BZ,021062,021062,1023
CAVALLIRIO,NO,003047,003047,1021
TRIORA,IM,008061,008061,1021
PEIA,BG,016161,016161,1019
PIEDICAVALLO,BI,096044,096044,1018
MEZZENILE,TO,001152,001152,1018
INTRODACQUA,AQ,066048,066048,1018
SAN VITO DI FAGAGNA,UD,030106,030106,1008
SENIGA,BS,017177,017177,1007
MONTEDINOVE,AP,044034,044034,1007
PESCAROLO ED UNITI,CR,019069,019069,1004
CIVIDATE CAMUNO,BS,017055,017055,1004
PACIANO,PG,054036,054036,1003
VILLA ESTENSE,PD,028102,028102,1001
TAGLIOLO MONFERRATO,AL,006169,006169,1001
RHO,MI,015182,015182,1000
MONTE GRIMANO TERME,PU,041035,041035,1000
SAN NICOLÒ GERREI,SU,111064,111064,998
CERRO AL VOLTURNO,IS,094014,094014,997
SPINADESCO,CR,019100,019100,996
SANT'EUFEMIA A MAIELLA,PE,068037,068037,995
CASTRIGNANO DEL CAPO,LE,075019,075019,993
ROVETTA,BG,016187,016187,993
CEFALÀ DIANA,PA,082026,082026,990
MARZANO DI NOLA,AV,064047,064047,989
ARLENA DI CASTRO,VT,056002,056002,987
COSSANO BELBO,CN,004074,004074,986
ALDINO,BZ,021001,021001,986
CAVENAGO DI BRIANZA,MB,108017,108017,985
TICINETO,AL,006173,006173,984
VIGONE,TO,001299,001299,984
LOMBARDORE,TO,001135,001135,981
BREMBIO,LO,098006,098006,981
MOGLIANO VENETO,TV,026043,026043,980
OFFAGNA,AN,042033,042033,980
CASTELGUGLIELMO,RO,029011,029011,979
CASTROREGIO,CS,078032,078032,979
RASUN-ANTERSELVA,BZ,021071,021071,977
CALCIANO,MT,077004,077004,974
COCULLO,AQ,066037,066037,974
OSSIMO,BS,017128,017128,973
BELLINZAGO LOMBARDO,MI,015016,015016,966
CORNEDO ALL'ISARCO,BZ,021023,021023,963
VALLIO TERME,BS,017193,017193,960
SESTRIERE,TO,001263,001263,959
VINADIO,CN,004248,004248,958
CASIRATE D'ADDA,BG,016059,016059,957
PETTENASCO,NO,003116,003116,956
SILIGO,SS,090068,090068,953
CIVITELLA SAN PAOLO,RM,058033,058033,953
SALICETO,CN,004201,004201,953
AGRATE CONTURBIA,NO,003001,003001,951
JONADI,VV,102017,102017,948
PAOLISI,BN,062048,062048,948
BROGNATURO,VV,102004,102004,947
BARGHE,BS,017012,017012,945
SAN PAOLO ALBANESE,PZ,076020,076020,945
MEZZANA,TN,022114,022114,945
CHIENES,BZ,021021,021021,944
VILLA FARALDI,IM,008067,008067,943
CARESANABLOT,VC,002031,002031,941
PANETTIERI,CS,078090,078090,941
FIUMARA,RC,080034,080034,938
SASSETTA,LI,049019,049019,937
SAMO,RC,080070,080070,934
TRONTANO,VB,103068,103068,934
MAGGIORA,NO,003088,003088,929
CASALGRASSO,CN,004045,004045,929
TERMENO SULLA STRADA DEL VINO,BZ,021098,021098,928
MONTEFINO,TE,067027,067027,924
TREMEZZINA,CO,013252,013252,923
FIGINO SERENZA,CO,013101,013101,923
MONGUELFO-TESIDO,BZ,021052,021052,922
SIZZANO,NO,003139,003139,922
BORGO PACE,PU,041006,041006,921
PORTULA,BI,096048,096048,919
OTTOBIANO,PV,018106,018106,915
GAIS,BZ,021034,021034,914
FALZES,BZ,021030,021030,914
TARANTASCA,CN,004225,004225,912
PERINALDO,IM,008040,008040,911
NETRO,BI,096039,096039,910
QUAREGNA CERRETO,BI,096087,096087,910
ROLETTO,TO,001222,001222,909
RABBI,TN,022150,022150,908
TALANA,NU,091088,091088,908
VALLEBONA,IM,008062,008062,906
PALMOLI,CH,069061,069061,906
ARCINAZZO ROMANO,RM,058008,058008,905
SEGONZANO,TN,022172,022172,902
CASTELBALDO,PD,028029,028029,901
SAN BELLINO,RO,029043,029043,900
CAZZANO DI TRAMIGNA,VR,023024,023024,900
SAN GREGORIO D'IPPONA,VV,102034,102034,899
NICOTERA,VV,102025,102025,898
TORANO NUOVO,TE,067042,067042,896
MANGO,CN,004115,004115,895
GALLODORO,ME,083031,083031,895
CASELLE IN PITTARI,SA,065029,065029,894
CARTOSIO,AL,006036,006036,893
TURRIVALIGNANI,PE,068044,068044,892
TAVIGLIANO,BI,096066,096066,892
PONTECHIANALE,CN,004172,004172,891
VAGLI SOTTO,LU,046031,046031,890
PELLA,NO,003115,003115,890
GUILMI,CH,069044,069044,888
ROTA D'IMAGNA,BG,016186,016186,888
CRISSOLO,CN,004077,004077,887
OULX,TO,001175,001175,886
VALDENGO,BI,096071,096071,885
TIROLO,BZ,021101,021101,884
PIETRAPAOLA,CS,078099,078099,883
VOGOGNA,VB,103077,103077,883
CAMINO,AL,006027,006027,883
ORTUCCHIO,AQ,066064,066064,882
CARPINETO SINELLO,CH,069011,069011,881
SANTO STEFANO LODIGIANO,LO,098051,098051,879
AGUGLIARO,VI,024001,024001,878
MOROZZO,CN,004144,004144,876
STELLANELLO,SV,009059,009059,876
VALMACCA,AL,006178,006178,875
MOSCHIANO,AV,064064,064064,874
SAUZE D'OULX,TO,001259,001259,871
COMIZIANO,NA,063029,063029,870
SAN PIETRO MUSSOLINO,VI,024094,024094,870
FURCI,CH,069038,069038,866
BANNIO ANZINO,VB,103007,103007,864
SCALEA,CS,078138,078138,862
ROCCA CANTERANO,RM,058084,058084,860
BRUNATE,CO,013032,013032,860
MELLE,CN,004122,004122,859
GARBAGNATE MONASTERO,LC,097037,097037,858
VALEGGIO SUL MINCIO,VR,023089,023089,858
VILLA LAGARINA,TN,022222,022222,857
PRATO SESIA,NO,003122,003122,857
PIACENZA D'ADIGE,PD,028062,028062,853
MASLIANICO,CO,013144,013144,853
VALLE DI CASIES,BZ,021109,021109,851
TUFILLO,CH,069097,069097,850
SAN PIETRO IN AMANTEA,CS,078126,078126,847
GAMBERALE,CH,069039,069039,847
VAPRIO D'AGOGNA,NO,003153,003153,843
BERZO DEMO,BS,017016,017016,842
FLAIBANO,UD,030039,030039,841
DONATO,BI,096024,096024,840
TOCCO DA CASAURIA,PE,068042,068042,839
BIANDRATE,NO,003018,003018,836
PONTEDASSIO,IM,008045,008045,835
TORRITA DI SIENA,SI,052035,052035,833
TOCCO CAUDIO,BN,062075,062075,832
LONGOBARDI,CS,078067,078067,832
CALVERA,PZ,076016,076016,831
PRESEGLIE,BS,017153,017153,826
GERA LARIO,CO,013107,013107,825
GORNATE OLONA,VA,012080,012080,825
MALEGNO,BS,017100,017100,824
CASTELVETERE IN VAL FORTORE,BN,062020,062020,823
SALZANO,VE,027032,027032,821
COLLALTO SABINO,RI,057018,057018,820
LAURIANO,TO,001129,001129,819
CHIUSAVECCHIA,IM,008020,008020,818
BALDISSERO TORINESE,TO,001018,001018,818
MALAGNINO,CR,019056,019056,817
MONESIGLIO,CN,004131,004131,817
MORGONGIORI,OR,095030,095030,816
TAVENNA,CB,070077,070077,816
CASTELNUOVO DI CONZA,SA,065033,065033,814
SIRTORI,LC,097076,097076,813
MONTEVERDE,AV,064060,064060,811
PREMIA,VB,103056,103056,808
CERVERE,CN,004065,004065,808
MONTEBELLO DI BERTONA,PE,068023,068023,807
TESIMO,BZ,021099,021099,807
CARISIO,VC,002032,002032,805
MONASTERO DI VASCO,CN,004126,004126,805
VILLANOVA D'ARDENGHI,PV,018179,018179,801
CURNO,BG,016089,016089,801
TUFO,AV,064113,064113,795
MELE,GE,010033,010033,795
DRESANO,MI,015101,015101,793
GURRO,VB,103036,103036,791
DIVIGNANO,NO,003060,003060,791
ORTACESUS,SU,111051,111051,789
ARSITA,TE,067003,067003,788
RIALTO,SV,009053,009053,788
PARODI LIGURE,AL,006126,006126,784
CANTALUPO LIGURE,AL,006028,006028,784
CASTIGLIONE A CASAURIA,PE,068009,068009,780
CERCENASCO,TO,001071,001071,779
RANZANICO,BG,016179,016179,779
MONTIANO,FC,040028,040028,779
ORTEZZANO,FM,109029,109029,777
SERRAPETRONA,MC,043051,043051,777
GUARDA VENETA,RO,029028,029028,776
SAN MARZANO OLIVETO,AT,005100,005100,775
VERRUA PO,PV,018175,018175,774
LISCATE,MI,015122,015122,774
PONTE NIZZA,PV,018117,018117,772
VILLANOVAFORRU,SU,111100,111100,770
SENERCHIA,AV,064098,064098,769
SAN GIOVANNI LIPIONI,CH,069080,069080,769
CANNALONGA,SA,065024,065024,768
SIDDI,SU,111083,111083,767
MARMENTINO,BS,017105,017105,767
TETI,NU,091090,091090,765
VELTURNO,BZ,021116,021116,765
STELVIO,BZ,021095,021095,764
CASPOGGIO,SO,014013,014013,762
ARPAISE,BN,062006,062006,761
CORTE BRUGNATELLA,PC,033017,033017,760
CAMPODIMELE,LT,059003,059003,759
CASALINO,NO,003040,003040,758
CARREGA LIGURE,AL,006034,006034,757
SUTRI,VT,056049,056049,756
REDAVALLE,PV,018120,018120,756
VERRUA SAVOIA,TO,001294,001294,753
BOGOGNO,NO,003021,003021,753
VESIME,AT,005113,005113,752
SOZZAGO,NO,003141,003141,751
CICALA,CZ,079030,079030,751
GARZENO,CO,013106,013106,749
BOSISIO PARINI,LC,097009,097009,746
CIORLANO,CE,061030,061030,745
CASTELPOTO,BN,062018,062018,743
ALFIANO NATTA,AL,006004,006004,743
SANT'ALESSIO CON VIALONE,PV,018141,018141,740
CASTELBELLO-CIARDES,BZ,021018,021018,739
LAGANADI,RC,080041,080041,739
FRATTE ROSA,PU,041016,041016,738
PIEVE SAN GIACOMO,CR,019075,019075,736
PETRALIA SOPRANA,PA,082055,082055,735
MONTAGNA SULLA STRADA DEL VINO,BZ,021053,021053,735
SAN MARTINO IN BADIA,BZ,021082,021082,732
SLUDERNO,BZ,021094,021094,731
PIOZZANO,PC,033034,033034,730
CASTANA,PV,018036,018036,729
GRANDATE,CO,013110,013110,729
PRESEZZO,BG,016176,016176,729
CASARANO,LE,075016,075016,728
CASSINA RIZZARDI,CO,013055,013055,728
MONTEGROSSO PIAN LATTE,IM,008037,008037,727
BARATILI SAN PIETRO,OR,095011,095011,727
CREMOSANO,CR,019037,019037,726
SAN PROCOPIO,RC,080076,080076,726
GRAVERE,TO,001117,001117,726
MONNO,BS,017110,017110,725
CONDRÒ,ME,083018,083018,725
CORNO GIOVINE,LO,098022,098022,724
ROCCACASALE,AQ,066079,066079,724
DOGLIOLA,CH,069029,069029,722
TRAVAGLIATO,BS,017188,017188,719
MOTTALCIATA,BI,096037,096037,715
INCUDINE,BS,017083,017083,714
GAMALERO,AL,006078,006078,710
COMABBIO,VA,012054,012054,709
PIANELLO DEL LARIO,CO,013183,013183,709
MURIALDO,SV,009040,009040,709
GAGLIANO ATERNO,AQ,066045,066045,709
CICOGNOLO,CR,019030,019030,707
SANT'AMBROGIO SUL GARIGLIANO,FR,060065,060065,707
BARDINETO,SV,009009,009009,700
MELTINA,BZ,021050,021050,695
FUNES,BZ,021033,021033,691
CASTANO PRIMO,MI,015062,015062,690
TERZO,AL,006172,006172,689
ANCARANO,TE,067002,067002,688
RHÊMES-NOTRE-DAME,AO,007055,007055,688
RICALDONE,AL,006143,006143,687
ALAGNA VALSESIA,VC,002002,002002,687
BARRALI,SU,111004,111004,686
COMERIO,VA,012055,012055,686
TRODENA NEL PARCO NATURALE,BZ,021102,021102,683
SALIZZOLE,VR,023068,023068,681
LANZADA,SO,014036,014036,680
MEZZANINO,PV,018092,018092,680
ONCINO,CN,004154,004154,680
LISCIANO NICCONE,PG,054025,054025,678
MONTECHIARUGOLO,PR,034023,034023,678
QUART,AO,007054,007054,678
MARTIS,SS,090039,090039,678
GEROLA ALTA,SO,014031,014031,677
SOLETO,LE,075076,075076,677
ORCO FEGLINO,SV,009044,009044,676
CASTAGNITO,CN,004046,004046,675
POMARETTO,TO,001198,001198,675
TONCO,AT,005109,005109,675
PROVAGLIO VAL SABBIA,BS,017157,017157,673
PROCENO,VT,056044,056044,671
MACELLO,TO,001142,001142,671
NALLES,BZ,021055,021055,670
MARLENGO,BZ,021048,021048,668
BULZI,SS,090019,090019,663
SAN RUFO,SA,065126,065126,662
CELLIO CON BREIA,VC,002171,002171,661
OLIVETTA SAN MICHELE,IM,008038,008038,660
PISCINAS,SU,111056,111056,658
SEFRO,MC,043050,043050,656
ZUCCARELLO,SV,009069,009069,655
TREVISO BRESCIANO,BS,017191,017191,651
CAMBURZANO,BI,096010,096010,648
TAVERNOLA BERGAMASCA,BG,016211,016211,647
TERENTO,BZ,021096,021096,647
CASTO,BS,017044,017044,644
PIETRA MARAZZI,AL,006129,006129,641
GENIVOLTA,CR,019047,019047,640
SARDIGLIANO,AL,006157,006157,638
VILLATA,VC,002164,002164,637
ANFO,BS,017005,017005,636
MENCONICO,PV,018089,018089,635
GIULIANO TEATINO,CH,069042,069042,635
BORGO A MOZZANO,LU,046004,046004,634
RONCOBELLO,BG,016184,016184,633
LOSINE,BS,017094,017094,632
MONTE VIDON CORRADO,FM,109026,109026,632
VALLE SAN NICOLAO,BI,096074,096074,629
VILLABASSA,BZ,021113,021113,628
MONTE MARENZO,LC,097052,097052,628
TORGIANO,PG,054053,054053,623
SAN PIO DELLE CAMERE,AQ,066088,066088,619
SAN GIORIO DI SUSA,TO,001245,001245,617
MARIANA MANTOVANA,MN,020032,020032,616
RESIA,UD,030092,030092,615
CORVARA IN BADIA,BZ,021026,021026,615
SULBIATE,MB,108042,108042,614
ANGRI,SA,065007,065007,614
CORRIDO,CO,013077,013077,614
ALICE BEL COLLE,AL,006005,006005,611
SCIOLZE,TO,001262,001262,610
COMIGNAGO,NO,003052,003052,610
PERCA,BZ,021063,021063,609
MONTEMEZZO,CO,013155,013155,608
RANZO,IM,008048,008048,607
CASTEL DI TORA,RI,057013,057013,606
VISONE,AL,006187,006187,605
VILLANDRO,BZ,021114,021114,604
OLTRONA DI SAN MAMETTE,CO,013169,013169,600
SANT'ANDREA FRIUS,SU,111069,111069,595
LAVENONE,BS,017087,017087,594
BOLOGNOLA,MC,043005,043005,594
COLLE DI TORA,RI,057019,057019,593
DEGO,SV,009027,009027,589
CRESPIATICA,LO,098025,098025,586
BOSSOLASCO,CN,004027,004027,580
TORRE MONDOVÌ,CN,004227,004227,579
SALA BIELLESE,BI,096057,096057,578
PIEVE D'OLMI,CR,019074,019074,576
FAGAGNA,UD,030037,030037,574
SAN NICOLÒ DI COMELICO,BL,025046,025046,573
FONTANILE,AT,005054,005054,571
SANT'ANGELO LIMOSANO,CB,070073,070073,571
PRASCORSANO,TO,001206,001206,571
CASALNOCETO,AL,006040,006040,569
RIFREDDO,CN,004181,004181,568
CLAINO CON OSTENO,CO,013071,013071,568
CASAPE,RM,058021,058021,567
ONO SAN PIETRO,BS,017124,017124,564
CAZZANO SANT'ANDREA,BG,016067,016067,564
VINCHIO,AT,005120,005120,564
SAN MAURO DI SALINE,VR,023074,023074,561
TERRUGGIA,AL,006171,006171,559
SAN BASILE,CS,078111,078111,559
LA VALLE,BZ,021117,021117,559
CASALMORANO,CR,019022,019022,555
MARANO TICINO,NO,003091,003091,555
TORTORA,CS,078149,078149,554
ZUMAGLIA,BI,096083,096083,553
ROCCA SANTA MARIA,TE,067036,067036,553
CASTIGLIONE TINELLA,CN,004056,004056,552
FORMAZZA,VB,103031,103031,551
STIMIGLIANO,RI,057066,057066,550
PIODE,VC,002097,002097,548
POSTAL,BZ,021066,021066,548
RIVALBA,TO,001213,001213,547
GROGNARDO,AL,006084,006084,547
NUCETTO,CN,004153,004153,547
LOZZOLO,VC,002072,002072,546
FELITTO,SA,065051,065051,545
PERTICA ALTA,BS,017139,017139,544
PEZZOLO VALLE UZZONE,CN,004164,004164,543
MURELLO,CN,004146,004146,542
CATANIA,CT,087015,087015,540
MACLODIO,BS,017097,017097,539
BRENNA,CO,013029,013029,539
SCAPOLI,IS,094048,094048,539
BARBANIA,TO,001021,001021,538
SALA MONFERRATO,AL,006150,006150,538
MENDATICA,IM,008034,008034,538
MAGLIANO VETERE,SA,065065,065065,537
VICALVI,FR,060086,060086,536
MEZZANA MORTIGLIENGO,BI,096033,096033,535
CAMERATA CORNELLO,BG,016048,016048,534
PRAMOLLO,TO,001204,001204,533
SIMALA,OR,095058,095058,531
BRONZOLO,BZ,021012,021012,529
CASCINETTE D'IVREA,TO,001061,001061,528
STAITI,RC,080090,080090,528
CURTAROLO,PD,028036,028036,527
VARALLO POMBIA,NO,003154,003154,524
SALMOUR,CN,004202,004202,524
PIETRACUPA,CB,070054,070054,522
CASTELLETTO STURA,CN,004049,004049,517
RODENGO,BZ,021075,021075,516
ROTA GRECA,CS,078109,078109,514
CAMPERTOGNO,VC,002025,002025,510
SONGAVAZZO,BG,016201,016201,509
ARLUNO,MI,015010,015010,507
LAVELLO,PZ,076043,076043,507
INARZO,VA,012082,012082,505
TON,TN,022200,022200,503
PERTICA BASSA,BS,017140,017140,502
CALTO,RO,029008,029008,499
SANT'ALESSIO IN ASPROMONTE,RC,080080,080080,499
QUARNA SOTTO,VB,103059,103059,499
INVERSO PINASCA,TO,001122,001122,498
BARENGO,NO,003012,003012,492
ORTA SAN GIULIO,NO,003112,003112,490
TURRI,SU,111092,111092,489
PERCILE,RM,058076,058076,488
MONCUCCO TORINESE,AT,005070,005070,487
SELVA DEI MOLINI,BZ,021088,021088,487
BOFFALORA D'ADDA,LO,098003,098003,486
OVINDOLI,AQ,066065,066065,484
FOSCIANDORA,LU,046014,046014,483
CERVENO,BS,017049,017049,482
AURANO,VB,103005,103005,482
BONEMERSE,CR,019006,019006,482
GERRE DE' CAPRIOLI,CR,019048,019048,481
ABBATEGGIO,PE,068001,068001,480
SOVIZZO,VI,024128,024128,478
VALLE SALIMBENE,PV,018169,018169,477
TROPEA,VV,102044,102044,476
CASTELFIDARDO,AN,042010,042010,475
ROBELLA,AT,005092,005092,475
SAN BIAGIO DELLA CIMA,IM,008053,008053,471
MUSSO,CO,013160,013160,469
DANTA DI CADORE,BL,025017,025017,467
GARBAGNA NOVARESE,NO,003069,003069,465
ROCCAFIORITA,ME,083071,083071,464
PAVAROLO,TO,001180,001180,464
VALTORTA,BG,016229,016229,462
PROSERPIO,CO,013192,013192,461
PESCATE,LC,097068,097068,461
BROZOLO,TO,001037,001037,459
L'AQUILA,AQ,066049,066049,459
STROZZA,BG,016208,016208,459
VILLANOVA CANAVESE,TO,001301,001301,459
PIOBESI D'ALBA,CN,004168,004168,457
SAN BIASE,CB,070063,070063,456
ALBINEA,RE,035001,035001,455
LEQUIO TANARO,CN,004107,004107,454
CEREA,VR,023025,023025,453
MUROS,SS,090043,090043,453
FORTUNAGO,PV,018064,018064,452
DRO,TN,022079,022079,452
VIRLE PIEMONTE,TO,001310,001310,452
CORTE PALASIO,LO,098024,098024,450
ALTAVILLA MONFERRATO,AL,006007,006007,450
USSEAUX,TO,001281,001281,448
RAGUSA,RG,088009,088009,447
CAPPELLA CANTONE,CR,019013,019013,446
ALBANO LAZIALE,RM,058003,058003,446
SEMESTENE,SS,090066,090066,444
AVELENGO,BZ,021005,021005,443
ESINO LARIO,LC,097035,097035,440
ORINO,VA,012110,012110,439
CROTTA D'ADDA,CR,019038,019038,439
COLLE SANTA LUCIA,BL,025014,025014,438
ZOVENCEDO,VI,024121,024121,436
BORRIANA,BI,096006,096006,434
VESPOLATE,NO,003158,003158,434
CANTARANA,AT,005018,005018,433
SENALE-SAN FELICE,BZ,021118,021118,431
GARGAZZONE,BZ,021035,021035,431
GORRETO,GE,010026,010026,430
SENALES,BZ,021091,021091,429
TIRES,BZ,021100,021100,429
AZZANELLO,CR,019004,019004,428
GAMBASSI TERME,FI,048020,048020,426
LUSON,BZ,021044,021044,425
GARZIGLIANA,TO,001111,001111,423
VILLANOVA SOLARO,CN,004246,004246,421
GRIANTE,CO,013113,013113,420
TUBRE,BZ,021103,021103,420
MONTECHIARO D'ACQUI,AL,006106,006106,413
TARTANO,SO,014064,014064,412
CARGEGHE,SS,090022,090022,411
BAROLO,CN,004013,004013,411
VERRONE,BI,096076,096076,411
MONGUZZO,CO,013153,013153,410
SONICO,BS,017181,017181,403
BORGORATTO MORMOROLO,PV,018017,018017,403
MURA,BS,017115,017115,401
CORNAREDO,MI,015087,015087,400
PUSIANO,CO,013193,013193,399
SANTA BRIGIDA,BG,016191,016191,398
NIBBIOLA,NO,003104,003104,398
CERMES,BZ,021020,021020,397
SIAPICCIA,OR,095076,095076,396
MARCEDUSA,CZ,079071,079071,396
BRACCA,BG,016035,016035,395
BISEGNA,AQ,066011,066011,395
VILLA VERDE,OR,095073,095073,393
RIFIANO,BZ,021073,021073,391
GINESTRA DEGLI SCHIAVONI,BN,062036,062036,391
TREVIOLO,BG,016220,016220,390
MOSO IN PASSIRIA,BZ,021054,021054,389
ISOLABONA,IM,008032,008032,388
BELVEGLIO,AT,005008,005008,388
MONTECASTELLO,AL,006105,006105,387
ERVE,LC,097034,097034,387
FÉNIS,AO,007027,007027,387
BLEVIO,CO,013026,013026,386
PAGNO,CN,004158,004158,386
SCALDASOLE,PV,018147,018147,384
CASELLE LANDI,LO,098011,098011,383
TIANA,NU,091091,091091,382
PRASCO,AL,006139,006139,378
GRIMACCO,UD,030045,030045,377
RIMELLA,VC,002113,002113,377
ABETONE CUTIGLIANO,PT,047023,047023,376
ALLAI,OR,095005,095005,376
FRONTINO,PU,041017,041017,376
SAN BENEDETTO DEL TRONTO,AP,044066,044066,375
BIOGLIO,BI,096005,096005,375
CAVATORE,AL,006055,006055,375
CERIGNALE,PC,033015,033015,373
PETRURO IRPINO,AV,064071,064071,371
CALVATONE,CR,019009,019009,371
CAPOVALLE,BS,017036,017036,370
REA,PV,018119,018119,370
ROCCAGIOVINE,RM,058087,058087,369
MANTELLO,SO,014039,014039,369
CANDIDONI,RC,080019,080019,369
MOGGIO,LC,097050,097050,366
RODELLO,CN,004196,004196,364
BALDISSERO CANAVESE,TO,001017,001017,361
NORAGUGUME,NU,091050,091050,357
DORIO,LC,097032,097032,356
TORRE BORMIDA,CN,004226,004226,355
CIVIASCO,VC,002043,002043,354
CELLA MONTE,AL,006056,006056,352
MONTEZEMOLO,CN,004141,004141,351
ANDRIANO,BZ,021002,021002,347
BARBONA,PD,028010,028010,346
CAVARGNA,CO,013062,013062,344
CASTELLO CABIAGLIO,VA,012043,012043,342
VALGOGLIO,BG,016225,016225,341
MARTELLO,BZ,021049,021049,341
VARENNA,LC,097084,097084,341
ALBUGNANO,AT,005002,005002,339
ANTERIVO,BZ,021003,021003,339
LOVERO,SO,014038,014038,336
OLMO AL BREMBO,BG,016145,016145,336
PALADINA,BG,016155,016155,334
SOLIERA,MO,036044,036044,334
CASTEL ROCCHERO,AT,005032,005032,333
SAUZE DI CESANA,TO,001258,001258,333
POMARO MONFERRATO,AL,006131,006131,331
CASTELGERUNDO,LO,098062,098062,331
LOCATELLO,BG,016127,016127,328
COLONNO,CO,013074,013074,326
GHILARZA,OR,095021,095021,325
GIAROLE,AL,006082,006082,323
CANNETO SULL'OGLIO,MN,020008,020008,319
TURANIA,RI,057071,057071,316
BERZANO DI SAN PIETRO,AT,005009,005009,316
CECIMA,PV,018042,018042,315
VAL LIONA,VI,024123,024123,313
MONTEMITRO,CB,070045,070045,313
OLTRESSENDA ALTA,BG,016147,016147,311
CASTIONE ANDEVENNO,SO,014015,014015,309
CASTIGLIONE DI GARFAGNANA,LU,046010,046010,306
SESTO FIORENTINO,FI,048043,048043,305
SINIO,CN,004220,004220,304
ISOLA DI FONDRA,BG,016121,016121,301
TINNURA,OR,095088,095088,300
CERRETTO LANGHE,CN,004063,004063,299
FORTEZZA,BZ,021032,021032,298
GOLFERENZO,PV,018074,018074,297
MONTESEGALE,PV,018098,018098,296
SAN GIORGIO BIGARELLO,MN,020057,020057,296
TADASUNI,OR,095064,095064,295
BELLINO,CN,004017,004017,294
SALERANO CANAVESE,TO,001233,001233,293
PONNA,CO,013187,013187,291
CAVERNAGO,BG,016066,016066,290
CAMAIORE,LU,046005,046005,288
MONTESCANO,PV,018097,018097,287
PISOGNE,BS,017143,017143,286
ARGENTERA,CN,004006,004006,285
BENE LARIO,CO,013021,013021,283
PREZZA,AQ,066076,066076,283
BRUMANO,BG,016041,016041,282
TERDOBBIATE,NO,003144,003144,278
MAGLIANO IN TOSCANA,GR,053013,053013,278
FONTECCHIO,AQ,066043,066043,278
MONTELEONE DI FERMO,FM,109019,109019,277
VERNOLE,LE,075093,075093,276
VIALE,AT,005114,005114,274
MARETTO,AT,005062,005062,265
BENEVELLO,CN,004020,004020,265
PREDOI,BZ,021068,021068,264
BARD,AO,007009,007009,262
VALDERICE,TP,081022,081022,259
PANCARANA,PV,018108,018108,256
ISSO,BG,016122,016122,253
ROCCA SUSELLA,PV,018126,018126,253
PUEGNAGO DEL GARDA,BS,017158,017158,252
VEDESETA,BG,016230,016230,250
GREGGIO,VC,002065,002065,249
ROCCHETTA NERVINA,IM,008051,008051,248
GORIANO SICOLI,AQ,066047,066047,243
ROATTO,AT,005091,005091,242
MANTOVA,MN,020030,020030,240
TERTENIA,NU,091089,091089,239
LECCE NEI MARSI,AQ,066050,066050,239
CLAVIERE,TO,001087,001087,235
CERNUSCO SUL NAVIGLIO,MI,015070,015070,234
AFFILE,RM,058001,058001,233
PEDAVENA,BL,025036,025036,232
LOREGLIA,VB,103038,103038,229
MOMPANTERO,TO,001154,001154,229
LOREGGIA,PD,028046,028046,228
BOSIA,CN,004026,004026,228
ERULA,SS,090088,090088,227
GERMAGNO,VB,103032,103032,226
SAN GIULIANO DI PUGLIA,CB,070068,070068,226
ALBAGIARA,OR,095003,095003,224
BEMA,SO,014006,014006,221
RIPALTA CREMASCA,CR,019081,019081,213
GAGGIO MONTANO,BO,037027,037027,213
MONTE CAVALLO,MC,043027,043027,210
CESANO MADERNO,MB,108019,108019,209
SAMBUCO,CN,004204,004204,208
CASASCO,AL,006041,006041,208
VESSALICO,IM,008066,008066,205
QUINTO VICENTINO,VI,024083,024083,203
CIVITELLA ALFEDENA,AQ,066035,066035,202
CASTELFRANCO VENETO,TV,026012,026012,202
SANT'AMBROGIO DI VALPOLICELLA,VR,023077,023077,201
PLAUS,BZ,021064,021064,200
FALCONARA MARITTIMA,AN,042018,042018,199
SALERNO,SA,065116,065116,198
MONTALTO DI CASTRO,VT,056035,056035,198
GALLIAVOLA,PV,018066,018066,198
TAIPANA,UD,030113,030113,196
SORSO,SS,090069,090069,193
MASSIMINO,SV,009037,009037,192
VALLEVE,BG,016226,016226,191
CERNOBBIO,CO,013065,013065,189
BORONEDDU,OR,095016,095016,188
CALVIGNANO,PV,018025,018025,188
SAN GIOVANNI IN CROCE,CR,019090,019090,188
DENICE,AL,006065,006065,187
ARAMENGO,AT,005004,005004,187
VAL REZZO,CO,013233,013233,185
PERLO,CN,004162,004162,185
ABBADIA CERRETO,LO,098001,098001,185
MERANA,AL,006093,006093,180
CASTEL CONDINO,TN,022045,022045,180
CEDRASCO,SO,014016,014016,178
VALLANZENGO,BI,096072,096072,177
PIAZZOLO,BG,016166,016166,176
CERVICATI,CS,078038,078038,175
BARADILI,OR,095010,095010,171
VALNEGRA,BG,016227,016227,166
BORGO VIRGILIO,MN,020071,020071,165
MONASTEROLO CASOTTO,CN,004127,004127,164
SANTO STEFANO BELBO,CN,004213,004213,164
MALVICINO,AL,006090,006090,162
BELVEDERE LANGHE,CN,004018,004018,162
BONVICINO,CN,004023,004023,159
TUILI,SU,111091,111091,157
ISASCA,CN,004103,004103,157
BRAONE,BS,017027,017027,156
OLDENICO,VC,002089,002089,153
MORTARA,PV,018102,018102,153
MONTELEONE SABINO,RI,057041,057041,149
ATRANI,SA,065011,065011,147
LATERINA PERGINE VALDARNO,AR,051042,051042,147
LEGNANO,MI,015118,015118,147
ELLO,LC,097033,097033,146
DESIO,MB,108023,108023,145
RIVE D'ARCANO,UD,030095,030095,142
INDUNO OLONA,VA,012083,012083,142
CASELLE LURANI,LO,098012,098012,141
FASANO,BR,074007,074007,141
CONZANO,AL,006061,006061,139
COLOGNA VENETA,VR,023027,023027,137
GONI,SU,111029,111029,136
ARCOLE,VR,023004,023004,134
ROBBIO,PV,018123,018123,132
VILLA MINOZZO,RE,035045,035045,132
CASTEL DI LUCIO,ME,083013,083013,132
PATTI,ME,083066,083066,131
ROCCHETTA TANARO,AT,005096,005096,131
TORNATA,CR,019106,019106,130
MONTICELLO BRIANZA,LC,097054,097054,129
MEDOLAGO,BG,016250,016250,127
ROVELLASCA,CO,013201,013201,126
CORNOVECCHIO,LO,098023,098023,125
PALMI,RC,080057,080057,125
VERNIO,PO,100007,100007,124
CASTELLINO TANARO,CN,004052,004052,119
SAN CESAREO,RM,058119,058119,118
BORRELLO,CH,069007,069007,118
PECETTO DI VALENZA,AL,006128,006128,118
DUEVILLE,VI,024038,024038,116
VIBONATI,SA,065156,065156,116
BARREA,AQ,066010,066010,115
TERRAVECCHIA,CS,078147,078147,114
CARBONATE,CO,013045,013045,108
CERESARA,MN,020019,020019,106
POLPENAZZE DEL GARDA,BS,017145,017145,106
VIGNOLO,CN,004243,004243,106
GAIARINE,TV,026031,026031,106
MARATEA,PZ,076044,076044,105
URBINO,PU,041067,041067,104
GOSALDO,BL,025025,025025,103
PORTO SAN GIORGIO,FM,109033,109033,102
CASALETTO VAPRIO,CR,019020,019020,101
SERIATE,BG,016198,016198,101
BASTIA UMBRA,PG,054002,054002,100
SALI VERCELLESE,VC,002127,002127,100
MORBELLO,AL,006110,006110,99
CASOREZZO,MI,015058,015058,99
CAINES,BZ,021014,021014,99
NOVELLO,CN,004152,004152,99
CARAVATE,VA,012031,012031,98
CASALZUIGNO,VA,012037,012037,98
VILLACHIARA,BS,017200,017200,95
PETTINENGO,BI,096042,096042,94
LANCIANO,CH,069046,069046,93
MONTE SAN GIUSTO,MC,043031,043031,91
GORLAGO,BG,016114,016114,91
CISON DI VALMARINO,TV,026018,026018,90
GARBAGNA,AL,006079,006079,89
COLOGNO AL SERIO,BG,016079,016079,89
ENEGO,VI,024039,024039,87
VENEZIA,VE,027042,027042,86
DOSSO DEL LIRO,CO,013092,013092,85
POGGIOFIORITO,CH,069067,069067,85
BENNA,BI,096003,096003,85
SETTIMO MILANESE,MI,015211,015211,85
FORCOLA,SO,014029,014029,84
CASALBUTTANO ED UNITI,CR,019016,019016,84
ORTONA DEI MARSI,AQ,066063,066063,83
ALES,OR,095004,095004,81
ROASCIO,CN,004184,004184,81
VILLA BISCOSSI,PV,018178,018178,81
VENIANO,CO,013238,013238,79
SANT'ANNA D'ALFAEDO,VR,023078,023078,79
TRECATE,NO,003149,003149,78
CRESPADORO,VI,024037,024037,78
BELLANO,LC,097008,097008,77
ERBA,CO,013095,013095,76
CAPOLIVERI,LI,049004,049004,76
VIAREGGIO,LU,046033,046033,76
SAN PIETRO AL TANAGRO,SA,065125,065125,76
BARI,BA,072006,072006,75
MASSAFRA,TA,073015,073015,75
SMERILLO,FM,109039,109039,75
CABIATE,CO,013035,013035,74
TESTICO,SV,009060,009060,74
CAPORCIANO,AQ,066022,066022,73
MORENGO,BG,016140,016140,72
PADERNA,AL,006124,006124,70
PESCOSOLIDO,FR,060049,060049,69
NOVI LIGURE,AL,006114,006114,68
CANTÙ,CO,013041,013041,68
RUTIGLIANO,BA,072037,072037,67
FAVRIA,TO,001101,001101,66
MONTESE,MO,036026,036026,66
SEGRATE,MI,015205,015205,65
ROMETTA,ME,083076,083076,65
ATRIPALDA,AV,064006,064006,65
CINISI,PA,082031,082031,65
COMMESSAGGIO,MN,020020,020020,64
SAN MARTINO ALFIERI,AT,005099,005099,63
AMELIA,TR,055004,055004,62
ONANO,VT,056040,056040,62
SODDÌ,OR,095078,095078,61
VAIE,TO,001283,001283,59
PATERNOPOLI,AV,064070,064070,59
GIVOLETTO,TO,001116,001116,59
CALCERANICA AL LAGO,TN,022032,022032,58
PADERNO DUGNANO,MI,015166,015166,57
MONTANERA,CN,004136,004136,55
CANCELLO ED ARNONE,CE,061012,061012,54
MONTANASO LOMBARDO,LO,098040,098040,52
SANTA MARGHERITA DI BELICE,AG,084038,084038,51
SENNORI,SS,090067,090067,51
CINO,SO,014021,014021,51
CORLETO MONFORTE,SA,065048,065048,50
TREZZANO ROSA,MI,015219,015219,50
SINNAI,CA,092080,092080,49
CALICE LIGURE,SV,009016,009016,49
LOCOROTONDO,BA,072025,072025,49
COLLI DEL TRONTO,AP,044014,044014,49
VAIANO,PO,100006,100006,49
SANTA CROCE DEL SANNIO,BN,062069,062069,49
CAVAGLIETTO,NO,003044,003044,46
URI,SS,090076,090076,46
TAMBRE,BL,025060,025060,45
TROIA,FG,071058,071058,45
BAGNARA CALABRA,RC,080007,080007,44
MEINA,NO,003095,003095,44
MONALE,AT,005067,005067,43
CALLIANO MONFERRATO,AT,005014,005014,43
BASCHI,TR,055007,055007,43
PONTE NELLE ALPI,BL,025040,025040,42
CASTEL DI SANGRO,AQ,066028,066028,41
MONTIGLIO MONFERRATO,AT,005121,005121,41
SAREZZO,BS,017174,017174,41
SAREGO,VI,024098,024098,40
VILLETTA BARREA,AQ,066107,066107,40
CARPINETO DELLA NORA,PE,068008,068008,40
AVERARA,BG,016014,016014,40
VILLE D'ANAUNIA,TN,022249,022249,39
DOMICELLA,AV,064031,064031,39
CONDOVE,TO,001093,001093,39
MEZZOMERICO,NO,003097,003097,39
BRUINO,TO,001038,001038,38
PORTOBUFFOLÈ,TV,026060,026060,37
FIESOLE,FI,048015,048015,36
LAGNASCO,CN,004104,004104,36
CERVARO,FR,060026,060026,36
CASTEL SANT'ELIA,VT,056017,056017,36
BREGNANO,CO,013028,013028,35
POLAVENO,BS,017144,017144,35
MONTEREALE,AQ,066056,066056,35
SANTA MARIA MAGGIORE,VB,103062,103062,35
SAN POLO DI PIAVE,TV,026074,026074,35
PORLEZZA,CO,013189,013189,34
ELINI,NU,091019,091019,34
TORNACO,NO,003146,003146,34
RIGNANO FLAMINIO,RM,058082,058082,33
VILMINORE DI SCALVE,BG,016243,016243,33
SANTA MARIA COGHINAS,SS,090087,090087,33
TAVAGNACCO,UD,030118,030118,33
FANANO,MO,036011,036011,32
TERRICCIOLA,PI,050036,050036,32
VAUDA CANAVESE,TO,001290,001290,31
RUBIERA,RE,035036,035036,31
PRATOLA PELIGNA,AQ,066075,066075,30
PREDAPPIO,FC,040032,040032,30
FRAGAGNANO,TA,073006,073006,30
SIURGUS DONIGALA,SU,111086,111086,30
LESA,NO,003084,003084,30
TURI,BA,072047,072047,29
PENTONE,CZ,079092,079092,29
LAVENO-MOMBELLO,VA,012087,012087,29
CROGNALETO,TE,067023,067023,28
PODENZANA,MS,045013,045013,28
MONTEBELLO SUL SANGRO,CH,069009,069009,28
MONTESILVANO,PE,068024,068024,28
TORTONA,AL,006174,006174,27
CISTERNA D'ASTI,AT,005040,005040,27
BOLLATE,MI,015027,015027,26
SCARLINO,GR,053024,053024,26
BULGAROGRASSO,CO,013034,013034,26
MEDICINA,BO,037037,037037,26
CALUSCO D'ADDA,BG,016046,016046,26
NEMBRO,BG,016144,016144,26
DRONERO,CN,004082,004082,25
CAPERGNANICA,CR,019012,019012,25
VAL DELLA TORRE,TO,001284,001284,25
REDONDESCO,MN,020048,020048,25
SALEMI,TP,081018,081018,25
FENEGRÒ,CO,013100,013100,25
ROCCA DE' BALDI,CN,004189,004189,24
REVINE LAGO,TV,026067,026067,24
CAMPOTOSTO,AQ,066016,066016,24
PIENZA,SI,052021,052021,24
CASSANO MAGNAGO,VA,012040,012040,24
CONTROGUERRA,TE,067020,067020,24
MONTE RINALDO,FM,109021,109021,23
BORMIO,SO,014009,014009,23
RAPOLLA,PZ,076064,076064,23
CAPRAIA ISOLA,LI,049005,049005,22
QUATTORDIO,AL,006142,006142,22
CLIVIO,VA,012052,012052,22
LORANZÈ,TO,001137,001137,22
ISCHIA DI CASTRO,VT,056031,056031,22
MONTE ROMANO,VT,056037,056037,22
CUVEGLIO,VA,012062,012062,22
FRUGAROLO,AL,006075,006075,22
MASSA E COZZILE,PT,047008,047008,21
BERNEZZO,CN,004022,004022,21
NOVI VELIA,SA,065080,065080,21
PETRONÀ,CZ,079095,079095,21
LONGONE AL SEGRINO,CO,013134,013134,21
MARCARIA,MN,020031,020031,21
FAGNANO CASTELLO,CS,078051,078051,21
CASTIGLIONE D'ORCIA,SI,052007,052007,21
TAVERNOLE SUL MELLA,BS,017183,017183,21
PIEVE PORTO MORONE,PV,018114,018114,20
TROFARELLO,TO,001280,001280,20
ROPPOLO,BI,096054,096054,20
CAORLE,VE,027005,027005,19
CORTENOVA,LC,097025,097025,19
SAN LEO,RN,099025,099025,19
BORGOMANERO,NO,003024,003024,19
SESTRI LEVANTE,GE,010059,010059,19
SANSEPOLCRO,AR,051034,051034,19
CERMIGNANO,TE,067016,067016,19
TESSENNANO,VT,056051,056051,19
MASI TORELLO,FE,038012,038012,19
MORMANNO,CS,078084,078084,18
BRESSANVIDO,VI,024016,024016,18
DRAGONI,CE,061033,061033,18
GROTTOLELLA,AV,064039,064039,18
CALDOGNO,VI,024018,024018,18
THIENE,VI,024105,024105,17
CASTEL MELLA,BS,017042,017042,17
BESANA IN BRIANZA,MB,108008,108008,16
AMENDOLARA,CS,078011,078011,16
STORO,TN,022183,022183,16
CANALE D'AGORDO,BL,025023,025023,16
CIMBERGO,BS,017054,017054,16
MAGNANO,BI,096030,096030,16
ARDEA,RM,058117,058117,16
SAVOGNA D'ISONZO-SOVODNJE OB SOČI,GO,031022,031022,15
PIOVE DI SACCO,PD,028065,028065,15
CASCIA,PG,054007,054007,15
BRITTOLI,PE,068004,068004,15
CALALZO DI CADORE,BL,025008,025008,15
TERRASINI,PA,082071,082071,15
SAN SPERATE,SU,111065,111065,15
CASTELLUCCIO VALMAGGIORE,FG,071016,071016,15
LA SALLE,AO,007040,007040,15
SANTA TERESA DI RIVA,ME,083089,083089,15
RIVA LIGURE,IM,008050,008050,15
VILLAPUTZU,SU,111103,111103,15
FAGNANO ALTO,AQ,066042,066042,15
STEZZANO,BG,016207,016207,14
POGGIO IMPERIALE,FG,071040,071040,14
CELLATICA,BS,017048,017048,14
GORGA,RM,058045,058045,14
SINDIA,NU,091084,091084,14
RONCO BIELLESE,BI,096053,096053,14
SANDRIGO,VI,024091,024091,14
STRAMBINELLO,TO,001268,001268,14
BASTIA MONDOVÌ,CN,004014,004014,14
RIO SALICETO,RE,035034,035034,14
GERENZANO,VA,012075,012075,14
ARAGONA,AG,084003,084003,13
FAVARA,AG,084017,084017,13
PRATO,PO,100005,100005,13
RODDI,CN,004194,004194,13
MESENZANA,VA,012102,012102,13
TAVAZZANO CON VILLAVESCO,LO,098056,098056,13
SESSA CILENTO,SA,065141,065141,13
MEDEA,GO,031011,031011,12
BRUGINE,PD,028015,028015,12
FOLLONICA,GR,053009,053009,12
LUCIGNANO,AR,051021,051021,12
BOLZANO NOVARESE,NO,003022,003022,12
VARISELLA,TO,001289,001289,12
CURCURIS,OR,095077,095077,12
LERMA,AL,006088,006088,12
DOLZAGO,LC,097031,097031,11
COSSANO CANAVESE,TO,001095,001095,11
ORRIA,SA,065085,065085,11
CASALBORGONE,TO,001060,001060,11
CITTÀ SANT'ANGELO,PE,068012,068012,11
CAPISTRELLO,AQ,066020,066020,11
CAMPOLATTARO,BN,062013,062013,11
NERETO,TE,067031,067031,10
BELMONTE DEL SANNIO,IS,094004,094004,10
GARLATE,LC,097038,097038,10
ALICE CASTELLO,VC,002004,002004,10
FIDENZA,PR,034014,034014,10
ARGEGNO,CO,013011,013011,9
APOLLOSA,BN,062004,062004,9
FELINO,PR,034013,034013,9
OSIMO,AN,042034,042034,9
SAN BARTOLOMEO IN GALDO,BN,062057,062057,9
CASTELLALTO,TE,067011,067011,9
SANT'AMBROGIO DI TORINO,TO,001255,001255,9
CASTENEDOLO,BS,017043,017043,9
MALNATE,VA,012096,012096,9
SESTOLA,MO,036043,036043,9
ATRI,TE,067004,067004,9
BARUMINI,SU,111005,111005,9
FONTE NUOVA,RM,058122,058122,9
PETTORANO SUL GIZIO,AQ,066071,066071,9
ANZANO DEL PARCO,CO,013009,013009,9
LENTELLA,CH,069047,069047,8
CHIAVERANO,TO,001077,001077,8
VERNANTE,CN,004239,004239,8
FORCHIA,BN,062032,062032,8
ROCCASCALEGNA,CH,069075,069075,8
CASALVECCHIO SICULO,ME,083012,083012,8
SANTU LUSSURGIU,OR,095049,095049,8
SAN BENEDETTO IN PERILLIS,AQ,066086,066086,8
PONTE NOSSA,BG,016168,016168,8
CASTELVECCANA,VA,012045,012045,8
FOGGIA,FG,071024,071024,8
ROLO,RE,035035,035035,8
PIANA CRIXIA,SV,009048,009048,8
PESCOCOSTANZO,AQ,066070,066070,8
DELLO,BS,017066,017066,8
POFI,FR,060055,060055,8
PIAN CAMUNO,BS,017142,017142,8
ROCCHETTA DI VARA,SP,011025,011025,8
SAN BUONO,CH,069079,069079,8
CHIURO,SO,014020,014020,8
MONTE PORZIO CATONE,RM,058064,058064,8
MONSUMMANO TERME,PT,047009,047009,8
ALFANO,SA,065004,065004,8
TRISSINO,VI,024110,024110,8
TAVAGNASCO,TO,001271,001271,8
CASTELVECCHIO DI ROCCA BARBENA,SV,009021,009021,8
VILLA SAN GIOVANNI,RC,080096,080096,7
ROSSANA,CN,004197,004197,7
ASCOLI SATRIANO,FG,071005,071005,7
SOLERO,AL,006163,006163,7
RAPOLANO TERME,SI,052026,052026,7
CASTELCOVATI,BS,017041,017041,7
PENNA SANT'ANDREA,TE,067033,067033,7
VILLALFONSINA,CH,069100,069100,7
NISCEMI,CL,085013,085013,7
SANT'EUSANIO DEL SANGRO,CH,069085,069085,7
MAGENTA,MI,015130,015130,7
PESCHE,IS,094031,094031,7
CARAMAGNA PIEMONTE,CN,004041,004041,7
ALVITO,FR,060004,060004,7
SAN BIAGIO PLATANI,AG,084035,084035,7
COLLEBEATO,BS,017057,017057,7
OZEGNA,TO,001176,001176,7
COGOLETO,GE,010017,010017,7
LURAGO MARINONE,CO,013137,013137,7
CAMPO SAN MARTINO,PD,028020,028020,7
BESANO,VA,012011,012011,7
SANTE MARIE,AQ,066089,066089,7
FROSSASCO,TO,001110,001110,7
PIEA,AT,005084,005084,7
TASSAROLO,AL,006170,006170,7
CARAPELLE CALVISIO,AQ,066024,066024,7
VAREDO,MB,108045,108045,6
MOMBARUZZO,AT,005065,005065,6
CASTELLINALDO D'ALBA,CN,004051,004051,6
CERIGNOLA,FG,071020,071020,6
BELGIRATE,VB,103010,103010,6
MONTEROSSO ALMO,RG,088007,088007,6
CASTEL DEL MONTE,AQ,066026,066026,6
VISANO,BS,017203,017203,6
GALLESE,VT,056027,056027,6
PERLETTO,CN,004161,004161,6
TRAVESIO,PN,093047,093047,6
FONTANIVA,PD,028038,028038,6
CANCELLARA,PZ,076018,076018,6
BATTIPAGLIA,SA,065014,065014,6
PIETRAFERRAZZANA,CH,069103,069103,6
TARZO,TV,026084,026084,6
BORGO PRIOLO,PV,018016,018016,6
BARASSO,VA,012008,012008,6
FRASSINETTO,TO,001108,001108,6
DOSOLO,MN,020022,020022,6
SONDRIO,SO,014061,014061,6
PAOLA,CS,078091,078091,6
BACENO,VB,103006,103006,6
QUILIANO,SV,009052,009052,6
BRUGHERIO,MB,108012,108012,6
FORZA D'AGRÒ,ME,083024,083024,6
VIGGIÙ,VA,012139,012139,5
CASOLE D'ELSA,SI,052004,052004,5
CHAMPDEPRAZ,AO,007017,007017,5
BERGAMO,BG,016024,016024,5
TORREGROTTA,ME,083098,083098,5
VALGIOIE,TO,001285,001285,5
BARBARANO MOSSANO,VI,024124,024124,5
MONTE SAN BIAGIO,LT,059015,059015,5
ARZANA,NU,091002,091002,5
CENTALLO,CN,004061,004061,5
ACERNO,SA,065001,065001,5
SIAMANNA,OR,095057,095057,5
GISSI,CH,069041,069041,5
SANT'EUSANIO FORCONESE,AQ,066090,066090,5
CRESSA,NO,003055,003055,5
MONTEODORISIO,CH,069055,069055,5
VILLA DEL BOSCO,BI,096078,096078,5
PRETORO,CH,069069,069069,5
PORCIA,PN,093032,093032,5
BUJA,UD,030013,030013,5
MONTE ARGENTARIO,GR,053016,053016,5
TARANTO,TA,073027,073027,5
ARIGNANO,TO,001012,001012,5
PORTE,TO,001200,001200,5
APICE,BN,062003,062003,5
BAREGGIO,MI,015012,015012,5
INTROBIO,LC,097040,097040,5
OVADA,AL,006121,006121,5
VALDILANA,BI,096088,096088,5
CARTIGNANO,CN,004044,004044,5
FAGNANO OLONA,VA,012067,012067,4
MURO LUCANO,PZ,076053,076053,4
CREMIA,CO,013083,013083,4
NOTO,SR,089013,089013,4
CESATE,MI,015076,015076,4
BONDENO,FE,038003,038003,4
ROCCA PIA,AQ,066083,066083,4
FRESAGRANDINARIA,CH,069036,069036,4
ACQUANEGRA CREMONESE,CR,019001,019001,4
FRAINE,CH,069034,069034,4
BOMBA,CH,069006,069006,4
VIMERCATE,MB,108050,108050,4
VILLAFRANCA IN LUNIGIANA,MS,045016,045016,4
SAN ROCCO AL PORTO,LO,098049,098049,4
RIVALTA BORMIDA,AL,006144,006144,4
CIVIDALE DEL FRIULI,UD,030026,030026,4
SAN BENEDETTO DEI MARSI,AQ,066085,066085,4
TERRE ROVERESCHE,PU,041070,041070,4
REGGELLO,FI,048035,048035,4
ROSCIGNO,SA,065111,065111,4
CESIOMAGGIORE,BL,025011,025011,4
CASTELVECCHIO CALVISIO,AQ,066030,066030,4
TORRE D'ISOLA,PV,018159,018159,4
STENICO,TN,022182,022182,4
SORBO SAN BASILE,CZ,079134,079134,4
BELLAGIO,CO,013250,013250,4
TREZZO SULL'ADDA,MI,015221,015221,4
MOMBASIGLIO,CN,004125,004125,4
STAGNO LOMBARDO,CR,019103,019103,4
VIETRI DI POTENZA,PZ,076096,076096,4
SAN GIOVANNI LUPATOTO,VR,023071,023071,4
ZUMPANO,CS,078155,078155,4
BUSSI SUL TIRINO,PE,068005,068005,4
CERRIONE,BI,096018,096018,3
TIGLIOLE,AT,005108,005108,3
CANISTRO,AQ,066017,066017,3
SAN PIETRO VAL LEMINA,TO,001250,001250,3
GIOVO,TN,022092,022092,3
TURRIACO,GO,031024,031024,3
MACUGNAGA,VB,103039,103039,3
BEINASCO,TO,001024,001024,3
ACQUAVIVA PICENA,AP,044002,044002,3
CAMPOSAMPIERO,PD,028019,028019,3
SAN MAURIZIO D'OPAGLIO,NO,003133,003133,3
GORDONA,SO,014032,014032,3
CANSANO,AQ,066018,066018,3
CANOSA SANNITA,CH,069010,069010,3
DECIMOMANNU,CA,092015,092015,3
SAN MARCELLO,AN,042041,042041,3
SAN PIER D'ISONZO,GO,031021,031021,3
SAN VITO CHIETINO,CH,069086,069086,3
MULAZZO,MS,045012,045012,3
MESOLA,FE,038014,038014,3
CORREGGIO,RE,035020,035020,3
CARPI,MO,036005,036005,3
GUSSAGO,BS,017081,017081,3
FARA SAN MARTINO,CH,069031,069031,3
TORRICELLA PELIGNA,CH,069095,069095,3
NOVIGLIO,MI,015158,015158,3
SAN POLO DEI CAVALIERI,RM,058096,058096,3
ACI CASTELLO,CT,087002,087002,3
ALMENNO SAN BARTOLOMEO,BG,016006,016006,3
FONDI,LT,059007,059007,3
SUNO,NO,003143,003143,3
PIATTO,BI,096043,096043,3
TIONE DEGLI ABRUZZI,AQ,066100,066100,3
TEGLIO VENETO,VE,027040,027040,3
RESCALDINA,MI,015181,015181,3
CARUNCHIO,CH,069012,069012,3
TAVERNA,CZ,079146,079146,3
SAN NAZZARO VAL CAVARGNA,CO,013207,013207,3
MONTECALVO IN FOGLIA,PU,041030,041030,3
GALATINA,LE,075029,075029,3
SANDIGLIANO,BI,096059,096059,3
CAVENAGO D'ADDA,LO,098017,098017,3
MONTOTTONE,FM,109027,109027,3
SIROLO,AN,042048,042048,3
BRUSSON,AO,007012,007012,3
GUAZZORA,AL,006086,006086,3
ROCCA DI BOTTE,AQ,066080,066080,3
SILVANO D'ORBA,AL,006162,006162,3
MUZZANO,BI,096038,096038,2
SANNICANDRO DI BARI,BA,072040,072040,2
ROCCAVIONE,CN,004192,004192,2
PONTOGLIO,BS,017150,017150,2
SANT'ANGELO ALL'ESCA,AV,064090,064090,2
GENGA,AN,042020,042020,2
TOLLEGNO,BI,096068,096068,2
VILLAGA,VI,024117,024117,2
POMBIA,NO,003121,003121,2
ORIO CANAVESE,TO,001172,001172,2
MERGO,AN,042024,042024,2
CLAUT,PN,093015,093015,2
PRATA D'ANSIDONIA,AQ,066074,066074,2
BROGLIANO,VI,024017,024017,2
CORI,LT,059006,059006,2
CHÂTILLON,AO,007020,007020,2
BRUSNENGO,BI,096007,096007,2
PONTE SAN NICOLÒ,PD,028069,028069,2
RONDANINA,GE,010050,010050,2
LIZZANO,TA,073011,073011,2
MONTEFERRANTE,CH,069052,069052,2
CASTELVETRO PIACENTINO,PC,033014,033014,2
TERRALBA,OR,095065,095065,2
POLLONE,BI,096046,096046,2
CUGGIONO,MI,015096,015096,2
NURRI,SU,111048,111048,2
PREMENO,VB,103055,103055,2
CUPELLO,CH,069028,069028,2
VILLAPERUCCIO,SU,111102,111102,2
BAGNARIA ARSA,UD,030008,030008,2
BALVANO,PZ,076008,076008,2
ORICOLA,AQ,066062,066062,2
PEVERAGNO,CN,004163,004163,2
CASORATE PRIMO,PV,018034,018034,2
GARDA,VR,023036,023036,2
PORTO TOLLE,RO,029039,029039,2
FOIANO DELLA CHIANA,AR,051018,051018,2
AYMAVILLES,AO,007008,007008,2
VERUCCHIO,RN,099020,099020,2
CROCETTA DEL MONTELLO,TV,026025,026025,2
ALEZIO,LE,075003,075003,2
SINI,OR,095060,095060,2
CALVIGNASCO,MI,015042,015042,2
DOSSENA,BG,016092,016092,2
FONTANAFREDDA,PN,093022,093022,2
SOLIGNANO,PR,034035,034035,2
TREVIGNANO ROMANO,RM,058107,058107,2
LARCIANO,PT,047006,047006,2
PIEVE SANTO STEFANO,AR,051030,051030,2
GUALDO,MC,043021,043021,2
CASTIONS DI STRADA,UD,030020,030020,2
LACCHIARELLA,MI,015115,015115,2
MEZZOLOMBARDO,TN,022117,022117,2
BARETE,AQ,066008,066008,2
VENEGONO INFERIORE,VA,012136,012136,2
FARA FILIORUM PETRI,CH,069030,069030,2
CASAPROTA,RI,057011,057011,2
BOSARO,RO,029007,029007,2
CONCAMARISE,VR,023029,023029,2
OTRICOLI,TR,055024,055024,2
SANTO STEFANO QUISQUINA,AG,084040,084040,2
ORTONA,CH,069058,069058,2
FILADELFIA,VV,102011,102011,2
CASTEL FRENTANO,CH,069018,069018,2
BELLOSGUARDO,SA,065015,065015,2
CELLINO ATTANASIO,TE,067015,067015,2
VILLANOVA MONFERRATO,AL,006185,006185,2
TERAMO,TE,067041,067041,2
VINZAGLIO,NO,003164,003164,1
MORFASSO,PC,033028,033028,1
REFRONTOLO,TV,026065,026065,1
CAPACCIO PAESTUM,SA,065025,065025,1
COLLEGNO,TO,001090,001090,1
CASTELSILANO,KR,101005,101005,1
PETRIANO,PU,041045,041045,1
TELGATE,BG,016212,016212,1
LAZISE,VR,023043,023043,1
MANGONE,CS,078075,078075,1
RICCIA,CB,070057,070057,1
MUGGIA,TS,032003,032003,1
CAGGIANO,SA,065019,065019,1
CIVITAQUANA,PE,068013,068013,1
SAN GEMINI,TR,055029,055029,1
GAVIGNANO,RM,058041,058041,1
CARAGLIO,CN,004040,004040,1
GRAGLIA,BI,096028,096028,1
QUATTRO CASTELLA,RE,035030,035030,1
BALOCCO,VC,002009,002009,1
MELITO DI NAPOLI,NA,063045,063045,1
ROCCAPIEMONTE,SA,065108,065108,1
CONEGLIANO,TV,026021,026021,1
CUREGGIO,NO,003058,003058,1
TRAVO,PC,033043,033043,1
CAMEROTA,SA,065021,065021,1
LAPPANO,CS,078065,078065,1
CAMPORA,SA,065023,065023,1
VILLAMARZANA,RO,029049,029049,1
LUCO DEI MARSI,AQ,066051,066051,1
SCAFATI,SA,065137,065137,1
MAGLIANO ALFIERI,CN,004113,004113,1
BAGNOLO CREMASCO,CR,019005,019005,1
LAGOSANTO,FE,038011,038011,1
ANGROGNA,TO,001011,001011,1
CORRIDONIA,MC,043015,043015,1
PISANO,NO,003119,003119,1
OLGIATE COMASCO,CO,013165,013165,1
ORBETELLO,GR,053018,053018,1
NUMANA,AN,042032,042032,1
SAN CLEMENTE,RN,099016,099016,1
VELO VERONESE,VR,023090,023090,1
NOCERA INFERIORE,SA,065078,065078,1
TORRICELLA IN SABINA,RI,057069,057069,1
CORTEMAGGIORE,PC,033018,033018,1
VILLANTERIO,PV,018180,018180,1
GUARCINO,FR,060042,060042,1
MONTE SAN SAVINO,AR,051025,051025,1
PIZZOLI,AQ,066072,066072,1
CONTURSI TERME,SA,065046,065046,1
MONTAQUILA,IS,094028,094028,1
TRECASTELLI,AN,042050,042050,1
AURONZO DI CADORE,BL,025005,025005,1
ORSARA BORMIDA,AL,006119,006119,1
GAIBA,RO,029025,029025,1
CASINA,RE,035013,035013,1
SANGUINETTO,VR,023072,023072,1
CASTEL RITALDI,PG,054008,054008,1
ROCCA D'EVANDRO,CE,061069,061069,1
POVE DEL GRAPPA,VI,024081,024081,1
AVEZZANO,AQ,066006,066006,1
VILLA DI BRIANO,CE,061098,061098,1
CHIERI,TO,001078,001078,1
ORMELLE,TV,026052,026052,1
BELVEDERE OSTRENSE,AN,042005,042005,1
SANT'AGATA DI MILITELLO,ME,083084,083084,1
LESEGNO,CN,004108,004108,1
CASTIGLIONE MESSER MARINO,CH,069020,069020,1
TORRECUSO,BN,062076,062076,1
ADRIA,RO,029001,029001,1
BISENTI,TE,067007,067007,1
TORREGLIA,PD,028092,028092,1
PIZZALE,PV,018116,018116,1
PELAGO,FI,048032,048032,1
ROSELLO,CH,069078,069078,1
CASALETTO DI SOPRA,CR,019019,019019,1
VIVERONE,BI,096080,096080,1
LUNANO,PU,041022,041022,1
FRANCAVILLA BISIO,AL,006070,006070,1
AULETTA,SA,065012,065012,1
ALLUMIERE,RM,058004,058004,1
RIPALTA ARPINA,CR,019080,019080,1
SAN MAURIZIO CANAVESE,TO,001248,001248,1
PALMAS ARBOREA,OR,095039,095039,1
POGGIO PICENZE,AQ,066073,066073,1
RODIGO,MN,020051,020051,1
ARZAGO D'ADDA,BG,016013,016013,1
PIUBEGA,MN,020041,020041,1
LIZZANO IN BELVEDERE,BO,037033,037033,1
SAN GIOVANNI IN GALDO,CB,070066,070066,1
SAN MARTINO SULLA MARRUCINA,CH,069082,069082,1
ROMANENGO,CR,019086,019086,1
BORBONA,RI,057006,057006,1
OLIVA GESSI,PV,018105,018105,1
TORRE SAN PATRIZIO,FM,109040,109040,1
CAMPO DI GIOVE,AQ,066015,066015,1
QUINGENTOLE,MN,020046,020046,1
BAGNOLI DI SOPRA,PD,028008,028008,1
VIDOR,TV,026090,026090,1
SANT'ANGELO DI PIOVE DI SACCO,PD,028082,028082,1
PERETO,AQ,066067,066067,1
STRONCONE,TR,055031,055031,1
COSTA VALLE IMAGNA,BG,016085,016085,1
GIFFONI SEI CASALI,SA,065055,065055,1
MONTICELLI BRUSATI,BS,017112,017112,1
ROCCASPINALVETI,CH,069076,069076,1
MASONE,GE,010032,010032,1
BARISCIANO,AQ,066009,066009,1
BUDOIA,PN,093008,093008,1
MARZANO,PV,018087,018087,1
ROBASSOMERO,TO,001220,001220,1
MIAZZINA,VB,103045,103045,1
SANTO STEFANO DI SESSANIO,AQ,066091,066091,1
CESA,CE,061029,061029,1
MIGLIANICO,CH,069050,069050,1
FERRIERE,PC,033020,033020,1
MONTE PORZIO,PU,041038,041038,1
SECINARO,AQ,066097,066097,1
VAL BREMBILLA,BG,016253,016253,1
CARBONERA,TV,026008,026008,1
VILLA SANTA LUCIA DEGLI ABRUZZI,AQ,066104,066104,1
FRISA,CH,069037,069037,1
MONTEMALE DI CUNEO,CN,004138,004138,1
BEINETTE,CN,004016,004016,1
REFRANCORE,AT,005089,005089,1
MOTTOLA,TA,073019,073019,1
FELTRE,BL,025021,025021,1
PELLEGRINO PARMENSE,PR,034028,034028,1
TORREBRUNA,CH,069093,069093,1
CERANO,NO,003049,003049,1
SAN GREGORIO NELLE ALPI,BL,025045,025045,1
ZANICA,BG,016245,016245,1
CAPPADOCIA,AQ,066023,066023,1
VARSI,PR,034046,034046,1
RIVERGARO,PC,033038,033038,1
AGAZZANO,PC,033001,033001,1
LUSTRA,SA,065064,065064,1
LUOGOSANO,AV,064045,064045,1
ARMENO,NO,003006,003006,1
QUARNA SOPRA,VB,103058,103058,1
VICO EQUENSE,NA,063086,063086,1
PEDARA,CT,087034,087034,1
GIOVE,TR,055014,055014,1
LAMEZIA TERME,CZ,079160,079160,1
MASCALUCIA,CT,087024,087024,1
CASALMORO,MN,020010,020010,1
MAZZO DI VALTELLINA,SO,014040,014040,1
MONSAMPIETRO MORICO,FM,109012,109012,1
PALATA,CB,070050,070050,1
TRIBOGNA,GE,010063,010063,1
MARINO,RM,058057,058057,1
ANGHIARI,AR,051001,051001,1
MONTENERODOMO,CH,069054,069054,1
PEGOGNAGA,MN,020039,020039,1
MEOLO,VE,027022,027022,1
BELMONTE MEZZAGNO,PA,082009,082009,1
FALLO,CH,069104,069104,1
TREZZANO SUL NAVIGLIO,MI,015220,015220,1
PIEVE VERGONTE,VB,103054,103054,1
INCISA SCAPACCINO,AT,005058,005058,1
CASORIA,NA,063023,063023,1
POGNANO,BG,016167,016167,1
MOTTEGGIANA,MN,020037,020037,1
PIANELLA,PE,068030,068030,1
PRIGNANO CILENTO,SA,065103,065103,1
ROCCA DI CAMBIO,AQ,066081,066081,1
SAVIORE DELL'ADAMELLO,BS,017175,017175,1
FIUMICINO,RM,058120,058120,1
AQUARA,SA,065008,065008,1
LISCIA,CH,069049,069049,1
BERTINORO,FC,040003,040003,1
FIUMINATA,MC,043019,043019,1
MATTINATA,FG,071031,071031,1
SPERLONGA,LT,059030,059030,1
BUGUGGIATE,VA,012025,012025,1
TAGLIACOZZO,AQ,066099,066099,1
PIEVE DI SOLIGO,TV,026057,026057,1
SCANNO,AQ,066093,066093,1
BELLANTE,TE,067006,067006,1
TARSIA,CS,078145,078145,1
CAGNANO AMITERNO,AQ,066013,066013,1
CARNAGO,VA,012033,012033,1
AVIATICO,BG,016015,016015,1
CANISCHIO,TO,001052,001052,1
MALO,VI,024055,024055,1
MARENO DI PIAVE,TV,026038,026038,1
GABICCE MARE,PU,041019,041019,1
CAMPONOGARA,VE,027004,027004,1
TRAREGO VIGGIONA,VB,103066,103066,1
FAVALE DI MALVARO,GE,010023,010023,1
VIGEVANO,PV,018177,018177,1
FOSSA,AQ,066044,066044,1
VESCOVANA,PD,028097,028097,1
GIOIA TAURO,RC,080038,080038,1
VILLA D'ADDA,BG,016238,016238,1
VEROLAVECCHIA,BS,017196,017196,1
OPI,AQ,066061,066061,1
MONTE CERIGNONE,PU,041031,041031,1
SAN PIETRO AL NATISONE,UD,030103,030103,1
GEMONIO,VA,012074,012074,1
ORTIGNANO RAGGIOLO,AR,051027,051027,1
